"Restaurant",,,,"url",fb,mails,,tel,budget,keyword,classement Michelin
"noura",,,michelin,"https://www.noura0815.com/",,,,,,,icon-M-rank-bib
"サンテミリオン",,,michelin,"http://saint-emilion.jp/",,,,,,,icon-M-rank-red-1
"ベージュ アラン・デュカス",,,michelin,"http://www.beige-tokyo.com/",,,,,,,icon-M-rank-red-2
"ジャン・ピエール",,,michelin,"http://jean-pierre411.com/",,,,,,,icon-M-rank-plate
"仏蘭西料理 ときかわ",,,michelin,"http://bistrotoki.com/",,,,,,,icon-M-rank-bib
"ラ・ドゥール",,,michelin,,,,,,,,icon-M-rank-plate
"コントワール15",,,michelin,"https://www.comptoir15.com/",,,,,,,icon-M-rank-bib
"ワイン ブランシュ",,,michelin,,,,,,,,icon-M-rank-plate
"シェ オリビエ",,,michelin,"http://www.chezolivier.co.jp/",,,,,,,icon-M-rank-red-1
"ル・ミディ",,,michelin,"http://www.le-midi.jp/",,,,,,,icon-M-rank-plate
"オー・クリウール・ドゥ・ヴァン",,,michelin,"https://auxcrieurs-devin.com/",,,,,,,icon-M-rank-plate
"レ・コパン ドゥ ドミニク・ブシェ",,,michelin,"https://www.lescopains.jp/",,,,,,,icon-M-rank-bib
"ル・コック",,,michelin,"http://www.lecoq.co.jp/",,,,,,,icon-M-rank-red-1
"ラ・ベカス",,,michelin,"https://www.labecasse1990.com/",,,,,,,icon-M-rank-red-1
"アニオン",,,michelin,"http://aignon.com/",,,,,,,icon-M-rank-bib
"おでこ",,,michelin,,,,,,,,icon-M-rank-red-1
"モワルーズ",,,michelin,"http://www.moelleuse.com/",,,,,,,icon-M-rank-bib
"ルカンケ",,,michelin,"https://requinquer.jp/",,,,,,,icon-M-rank-red-1
"レーヌ デ プレ",,,michelin,"http://reine-des-pres.com/",,,,,,,icon-M-rank-red-1
"ディファランス",,,michelin,"http://difference.upper.jp/",,,,,,,icon-M-rank-red-1
"シュバル ブラン",,,michelin,,,,,,,,icon-M-rank-red-1
"醸す森バル",,,michelin,"https://www.kamosumori.com/atmosphere/",,,,,,,icon-M-rank-plate
"ブラッスリー ギョラン",,,michelin,"http://gyoran.com/",,,,,,,icon-M-rank-bib
"ラ ターブル ドゥ プロヴァンス",,,michelin,"http://provence-fukuoka.com/",,,,,,,icon-M-rank-plate
"デフィ・ジョルジュマルソー",,,michelin,"http://gm.9syoku.com/",,,,,,,icon-M-rank-plate
"ローブリュー",,,michelin,"http://lauburu.jp/",,,,,,,icon-M-rank-red-1
"ラ ブーシュリー グートン",,,michelin,"http://goutons.com/",,,,,,,icon-M-rank-bib
"ビストロ ティロワ",,,michelin,,,,,,,,icon-M-rank-bib
"トイ トイ トイ",,,michelin,,,,,,,,icon-M-rank-plate
"ミル",,,michelin,,,,,,,,icon-M-rank-bib
"シェ・コーベ",,,michelin,"http://www.chezkobe.co.jp/",,,,,,,icon-M-rank-red-1
"トモクローバー",,,michelin,"http://www.tomoclover.com/",,,,,,,icon-M-rank-plate
"ジョルジュマルソー",,,michelin,"http://gm.9syoku.com/",,,,,,,icon-M-rank-plate
"オーベルジュ・ド・リル ナゴヤ",,,michelin,"https://www.hiramatsurestaurant.jp/aubergedelill-nagoya/",,,,,,,icon-M-rank-red-1
"シャルキュ",,,michelin,,,,,,,,icon-M-rank-bib
"前芝料理店",,,michelin,,,,,,,,icon-M-rank-red-1
"ビストロ シマ",,,michelin,"http://bistroshima.com/",,,,,,,icon-M-rank-bib
"ルグドゥノム ブション リヨネ",,,michelin,"http://lyondelyon.com/",,,,,,,icon-M-rank-red-1
"ルポンドシエル",,,michelin,"https://pont-de-ciel.co.jp/",,,,,,,icon-M-rank-red-1
"ル・マルシャン・ド・ボヌール",,,michelin,"http://www.bonheur-fukuoka.com/",,,,,,,icon-M-rank-red-1
"レザンファン ギャテ",,,michelin,"http://terrine-gates.com/",,,,,,,icon-M-rank-red-1
"ローブ",,,michelin,"https://www.restaurant-laube.com/",,,,,,,icon-M-rank-red-1
"サンプリシテ",,,michelin,"http://www.simplicite123.com/",,,,,,,icon-M-rank-red-1
"ラ・グランターブル ドゥ キタムラ",,,michelin,"http://french-kitamura.jp/",,,,,,,icon-M-rank-red-1
"Mamagoto",,,michelin,,,,,,,,icon-M-rank-plate
"カーヴ ド ヴァン 柿さか",,,michelin,"http://www.kakisaka.com/",,,,,,,icon-M-rank-plate
"ローブランシュ",,,michelin,"http://leaublanche.com/",,,,,,,icon-M-rank-red-1
"アニエルドール",,,michelin,"http://www.agneldor.com/",,,,,,,icon-M-rank-red-1
"MOTOÏ",,,michelin,"https://kyoto-motoi.com/",,,,,,,icon-M-rank-red-1
"エタンセール カワモト",,,michelin,"http://e-kawamoto.jp/",,,,,,,icon-M-rank-plate
"イデアル ビストロ",,,michelin,"http://idealfoodflower.com/",,,,,,,icon-M-rank-red-1
"ル・タン・ペルデュ",,,michelin,,,,,,,,icon-M-rank-plate
"ブラン・ピエール",,,michelin,"http://blanc-pierre.net/",,,,,,,icon-M-rank-bib
"Ozawa",,,michelin,"http://www.oriental-hiroshima.com/",,,,,,,icon-M-rank-red-1
"シュヴァル ドゥ ヒョータン",,,michelin,"https://cdhyotan.tokyo/",,,,,,,icon-M-rank-bib
"カンパーニュ",,,michelin,"http://campagne-ise.co.jp/",,,,,,,icon-M-rank-plate
"シェ・ブラウゼ",,,michelin,"http://www.artiste-village.com/",,,,,,,icon-M-rank-plate
"ひらまつ 博多",,,michelin,"http://www.hiramatsu.co.jp/",,,,,,,icon-M-rank-red-1
"Kazu",,,michelin,"http://www.kazukitchen.com/",,,,,,,icon-M-rank-plate
"タストゥー",,,michelin,"http://tastous.jp/",,,,,,,icon-M-rank-bib
"フレンチ酒場 四日市バール",,,michelin,"http://www.4-bar.com/",,,,,,,icon-M-rank-plate
"オマージュ",,,michelin,"http://www.hommage-arai.com/",,,,,,,icon-M-rank-red-2
"薪焼 銀座おのでら",,,michelin,"https://onodera-group.com/makiyaki/",,,,,,,icon-M-rank-red-1
"ル モンド グルマン",,,michelin,"http://lemondegourmand.com/",,,,,,,icon-M-rank-bib
"レフェルヴェソンス",,,michelin,"http://www.leffervescence.jp/",,,,,,,icon-M-rank-red-3
"タム スープ",,,michelin,"https://tam-soup.jimdo.com/",,,,,,,icon-M-rank-plate
"ラ・プレーヌ・リュヌ",,,michelin,"http://la-pleine-lune.com/",,,,,,,icon-M-rank-bib
"メゾン ポール・ボキューズ",,,michelin,"https://www.hiramatsurestaurant.jp/",,,,,,,icon-M-rank-red-1
"ラ クレリエール",,,michelin,"https://www.la-clairiere.tokyo/",,,,,,,icon-M-rank-red-1
"マニフィーク",,,michelin,,,,,,,,icon-M-rank-plate
"ユヌ パンセ",,,michelin,,,,,,,,icon-M-rank-bib
"レザン・ドール",,,michelin,"http://www.raisindor.jp/",,,,,,,icon-M-rank-plate
"オード",,,michelin,"https://restaurant-ode.com/",,,,,,,icon-M-rank-red-1
"ロオジエ",,,michelin,"https://losier.shiseido.co.jp/",,,,,,,icon-M-rank-red-3
"エンヌ",,,michelin,,,,,,,,icon-M-rank-red-1
"ランタンポレル",,,michelin,"http://lintemporel.jp/",,,,,,,icon-M-rank-red-1
"ビストロ ラングー・ド・シャー",,,michelin,,,,,,,,icon-M-rank-plate
"シャトー ラ・パルム・ドール",,,michelin,"http://restaurant.palmedor.net/",,,,,,,icon-M-rank-plate
"ル・ベルジェ",,,michelin,"http://leberger.yu-nagi.com/",,,,,,,icon-M-rank-bib
"フロリレージュ",,,michelin,"https://www.aoyama-florilege.jp/",,,,,,,icon-M-rank-red-2
"ル ブトン",,,michelin,"http://www.lebouton.jp/",,,,,,,icon-M-rank-bib
"アンジェ",,,michelin,,,,,,,,icon-M-rank-plate
"ポトフ",,,michelin,,,,,,,,icon-M-rank-plate
"ロティスリー カルトポスタル",,,michelin,,,,,,,,icon-M-rank-plate
"ラ メール ギキ",,,michelin,"http://la-mergiki.com/",,,,,,,icon-M-rank-bib
"スクレ・サレ",,,michelin,,,,,,,,icon-M-rank-bib
"ソンスクレ",,,michelin,"http://centsecrets.com/",,,,,,,icon-M-rank-plate
"ビストロ ドゥ・クール",,,michelin,,,,,,,,icon-M-rank-plate
"ル・スプートニク",,,michelin,"https://le-sputnik.jp/",,,,,,,icon-M-rank-red-1
"レクテ",,,michelin,"http://www.recte.jp/",,,,,,,icon-M-rank-red-1
"アブサン",,,michelin,"https://localplace.jp/t100488300/",,,,,,,icon-M-rank-plate
"アレナ",,,michelin,,,,,,,,icon-M-rank-red-1
"ル ピニョン",,,michelin,"http://www013.upp.so-net.ne.jp/pignon/",,,,,,,icon-M-rank-red-1
"サンク",,,michelin,"http://www.cuisine-cinq.com/",,,,,,,icon-M-rank-plate
"イノーヴェ",,,michelin,"http://www.innover2005.com/",,,,,,,icon-M-rank-plate
"ラトリエ K",,,michelin,"https://latelier.jp/",,,,,,,icon-M-rank-plate
"ビストロ コションドール",,,michelin,,,,,,,,icon-M-rank-bib
"ヴィオロン ダングル",,,michelin,"http://violon-dingres.com/",,,,,,,icon-M-rank-plate
"アンジュール",,,michelin,"http://www.unjour-s.jp/",,,,,,,icon-M-rank-bib
"エディション・コウジ シモムラ",,,michelin,"https://www.koji-shimomura.jp/",,,,,,,icon-M-rank-red-2
"ジャルダン ポール・ボキューズ",,,michelin,"http://www.paulbocuse.jp/jardin/",,,,,,,icon-M-rank-plate
"ヌーヴェル・キュイジーヌ Takahashi",,,michelin,"http://www.nouvelle-cuisine.jp/",,,,,,,icon-M-rank-plate
"ラ ペ",,,michelin,"https://lapaix-m.jp/",,,,,,,icon-M-rank-red-1
"レオーニ",,,michelin,"https://www.lionni-okayama.com/",,,,,,,icon-M-rank-red-1
"ラルドワーズ",,,michelin,"http://lardoise.tv/",,,,,,,icon-M-rank-plate
"スーリール",,,michelin,,,,,,,,icon-M-rank-red-1
"ペルージュ",,,michelin,"http://perouges.nagoya/",,,,,,,icon-M-rank-plate
"レ・セレブリテ",,,michelin,"http://www.hotelnikko-fukuoka.com/",,,,,,,icon-M-rank-plate
"フランス食堂 清水",,,michelin,,,,,,,,icon-M-rank-bib
"アンペキャブル",,,michelin,"http://impeccable.petit.cc/",,,,,,,icon-M-rank-red-1
"ドロワ",,,michelin,,,,,,,,icon-M-rank-red-1
"ハンター",,,michelin,,,,,,,,icon-M-rank-bib
"Ebisu Tei",,,michelin,,,,,,,,icon-M-rank-plate
"ル・ブルギニオン",,,michelin,"https://le-bourguignon.jp/",,,,,,,icon-M-rank-red-1
"クロワサンス",,,michelin,"http://www.croissance.jp/",,,,,,,icon-M-rank-plate
"ラ ペーシュ",,,michelin,,,,,,,,icon-M-rank-bib
"トアヒス",,,michelin,,,,,,,,icon-M-rank-red-1
"ラ メゾン ドゥ ラ ナチュール ゴウ",,,michelin,"http://gohfukuoka.com/",,,,,,,icon-M-rank-red-1
"ユーゴ",,,michelin,,,,,,,,icon-M-rank-bib
"アルゴリズム",,,michelin,"http://lalgorithme.com/",,,,,,,icon-M-rank-red-1
"アサヒナガストロノーム",,,michelin,"https://asahinagastronome.com/",,,,,,,icon-M-rank-red-1
"ドゥ フィーユ",,,michelin,,,,,,,,icon-M-rank-bib
"壺中天",,,michelin,"http://www.kochuten.jp/",,,,,,,icon-M-rank-red-1
"青いけ",,,michelin,"http://aoike-kyoto.com/",,,,,,,icon-M-rank-red-1
"ヴェロ",,,michelin,"http://velo.p2.weblife.me/",,,,,,,icon-M-rank-bib
"レコルタ カーブドッチ",,,michelin,"http://www.docci.com/shop/recolte/",,,,,,,icon-M-rank-plate
"ビストロ ピエ・ド・ポー",,,michelin,"http://pied-de-porc.jp/",,,,,,,icon-M-rank-plate
"レミニセンス",,,michelin,"http://www.reminiscence0723.com/",,,,,,,icon-M-rank-red-2
"ビストロ マルク",,,michelin,,,,,,,,icon-M-rank-bib
"ブラッスリー ロランジュ",,,michelin,,,,,,,,icon-M-rank-plate
"Uoni",,,michelin,"http://www.uo-ni.com/",,,,,,,icon-M-rank-plate
"モンドール",,,michelin,"http://montdor1995.com/",,,,,,,icon-M-rank-plate
"ビストロ レフェクトリウム",,,michelin,,,,,,,,icon-M-rank-plate
"ビストロ サイダ",,,michelin,,,,,,,,icon-M-rank-plate
"ペシェミニヨン",,,michelin,,,,,,,,icon-M-rank-plate
"ジュ・タドー",,,michelin,,,,,,,,icon-M-rank-plate
"アドック",,,michelin,"http://adhoc2014.jp/",,,,,,,icon-M-rank-red-1
"デリカ &amp; リカー コネ",,,michelin,,,,,,,,icon-M-rank-plate
"マ・キュイジーヌ",,,michelin,,,,,,,,icon-M-rank-bib
"Takumi",,,michelin,"http://restaurant-takumi.com/",,,,,,,icon-M-rank-red-1
"ラフィナージュ",,,michelin,"https://laffinage.jp/",,,,,,,icon-M-rank-red-1
"リュニベル",,,michelin,"https://lunivershiroshima.jimdo.com/",,,,,,,icon-M-rank-plate
"エステール",,,michelin,"https://www.palacehoteltokyo.com/",,,,,,,icon-M-rank-red-1
"リューズ",,,michelin,"http://www.restaurant-ryuzu.com/",,,,,,,icon-M-rank-red-2
"キモト",,,michelin,"http://restaurant-kimoto.com/",,,,,,,icon-M-rank-plate
"Kadoya",,,michelin,,,,,,,,icon-M-rank-bib
"ブイヨン",,,michelin,"http://bouillon.p2.bindsite.jp/",,,,,,,icon-M-rank-plate
"ミエル ジャルダン",,,michelin,"http://mieljardin.web.fc2.com/",,,,,,,icon-M-rank-plate
"ボルト オー・クリヨー・ド・ヴァン",,,michelin,,,,,,,,icon-M-rank-bib
"そうりの食卓",,,michelin,"http://sourinoshokutaku.com/",,,,,,,icon-M-rank-plate
"アンフュージョン",,,michelin,"http://www.infusion.jp/",,,,,,,icon-M-rank-bib
"デッサンプリュス",,,michelin,,,,,,,,icon-M-rank-plate
"ビストロ・シンバ",,,michelin,"http://bistrosimba.jp/",,,,,,,icon-M-rank-bib
"sio",,,michelin,"http://sio-yoyogiuehara.com/",,,,,,,icon-M-rank-red-1
"リュミエール",,,michelin,"http://k-coeur.com/",,,,,,,icon-M-rank-red-1
"シンシア",,,michelin,,,,,,,,icon-M-rank-red-1
"プルミエクリュ",,,michelin,"http://www.1ercru.jp/",,,,,,,icon-M-rank-red-1
"ル・ミロワール",,,michelin,"http://le-miroir.jp/",,,,,,,icon-M-rank-red-1
"ル・トリスケル",,,michelin,,,,,,,,icon-M-rank-plate
"幟町茶寮",,,michelin,"http://www.lachambre.jp/",,,,,,,icon-M-rank-plate
"シマラボ",,,michelin,"http://www.shimalabo.jp/",,,,,,,icon-M-rank-plate
"ベルナール",,,michelin,,,,,,,,icon-M-rank-red-1
"ジョエル・ロブション",,,michelin,"https://www.robuchon.jp/",,,,,,,icon-M-rank-red-3
"フェルミエ",,,michelin,"https://fermier.jp/",,,,,,,icon-M-rank-plate
"ひらまつ 高台寺",,,michelin,"https://www.hiramatsu.co.jp/",,,,,,,icon-M-rank-red-1
"Sola",,,michelin,"https://sola-factory.com/",,,,,,,icon-M-rank-red-1
"エクロール",,,michelin,"http://eclore-fr.com/",,,,,,,icon-M-rank-plate
"Hiroto",,,michelin,,,,,,,,icon-M-rank-red-2
"レ ジャルダン デ ドディーヌ",,,michelin,,,,,,,,icon-M-rank-bib
"花の木",,,michelin,"http://hananoki-f.jp/",,,,,,,icon-M-rank-red-1
"モナミピエロ",,,michelin,,,,,,,,icon-M-rank-plate
"Si・ba・ki",,,michelin,"http://sibaki.com/",,,,,,,icon-M-rank-bib
"エスキス",,,michelin,"https://www.esquissetokyo.com/",,,,,,,icon-M-rank-red-2
"アジュール フォーティーファイブ",,,michelin,"http://www.ritz-carlton.jp/",,,,,,,icon-M-rank-red-1
"レ セゾン",,,michelin,"https://www.imperialhotel.co.jp/",,,,,,,icon-M-rank-red-1
"サンスーシィ",,,michelin,,,,,,,,icon-M-rank-plate
"オオモト",,,michelin,,,,,,,,icon-M-rank-plate
"ル・マンジュ・トゥー",,,michelin,"https://www.le-mange-tout.com/",,,,,,,icon-M-rank-red-2
"キヨコラージュ",,,michelin,"http://www.kiyocourage.jp/",,,,,,,icon-M-rank-red-1
"ル・ペール",,,michelin,,,,,,,,icon-M-rank-plate
"トラヴィーニュ",,,michelin,"https://travigne.jp/",,,,,,,icon-M-rank-plate
"ドミニク・ブシェ",,,michelin,"https://www.dominique-bouchet.jp/",,,,,,,icon-M-rank-red-1
"ラ・ベ",,,michelin,"https://www.ritz-carlton.co.jp/",,,,,,,icon-M-rank-red-1
"オルグイユ",,,michelin,"http://orgueil.net/",,,,,,,icon-M-rank-red-1
"アビス",,,michelin,"https://abysse.jp/",,,,,,,icon-M-rank-red-1
"ソリレス",,,michelin,,,,,,,,icon-M-rank-plate
"カンテサンス",,,michelin,"https://www.quintessence.jp/",,,,,,,icon-M-rank-red-3
"ラ・シーム",,,michelin,"http://www.la-cime.com/",,,,,,,icon-M-rank-red-2
"ミュゼ ボン ヴィヴァン",,,michelin,"http://musee-mie.com/",,,,,,,icon-M-rank-bib
"クラフタル",,,michelin,"https://www.craftale-tokyo.com/",,,,,,,icon-M-rank-red-1
"クラシク",,,michelin,,,,,,,,icon-M-rank-plate
"桜下亭",,,michelin,"http://oukatei.jp/",,,,,,,icon-M-rank-plate
"ピエール・ガニェール",,,michelin,"https://anaintercontinental-tokyo.jp/",,,,,,,icon-M-rank-red-2
"ル カネトン",,,michelin,"http://www.le-caneton.com/",,,,,,,icon-M-rank-bib
"メゾン タテル ヨシノ",,,michelin,"https://www.anacrowneplaza-osaka.jp/",,,,,,,icon-M-rank-red-1
"リエゾン",,,michelin,"http://liaison-osaka.com/",,,,,,,icon-M-rank-red-1
"ビストロ ブール ブラン",,,michelin,,,,,,,,icon-M-rank-plate
"トゥールダルジャン",,,michelin,"https://tourdargent.jp/",,,,,,,icon-M-rank-red-1
"デトレゾン",,,michelin,"https://detraison.hp.gogo.jp/sp/",,,,,,,icon-M-rank-bib
"ラ ボンヌ ターシュ",,,michelin,,,,,,,,icon-M-rank-bib
"ビストロ タカガキ",,,michelin,,,,,,,,icon-M-rank-plate
"ル・トワ・ルージュ",,,michelin,"http://www.letoitrouge.jp/",,,,,,,icon-M-rank-plate
"ル・ジャルダン グルマン",,,michelin,"http://jardin1990.com/",,,,,,,icon-M-rank-red-1
"メゾン ラフィット",,,michelin,"http://maisonlafite.web.fc2.com/",,,,,,,icon-M-rank-red-1
"ラトリエ ドゥ ジョエル・ロブション",,,michelin,"https://www.robuchon.jp/",,,,,,,icon-M-rank-red-2
"Tawara",,,michelin,"http://tawara-kanazawa.jp/",,,,,,,icon-M-rank-plate
"カフェカバレ",,,michelin,"http://cafe-cabaret.com/",,,,,,,icon-M-rank-plate
"ビストロ トポロジー",,,michelin,,,,,,,,icon-M-rank-bib
"レチュード",,,michelin,,,,,,,,icon-M-rank-red-1
"ラミティエ",,,michelin,,,,,,,,icon-M-rank-bib
"ラ・フロレゾン・ドゥ・タケウチ",,,michelin,"http://www.lafloraison-t.jp/",,,,,,,icon-M-rank-red-1
"ナベノ-イズム",,,michelin,"http://nabeno-ism.tokyo/",,,,,,,icon-M-rank-red-2
"リアン",,,michelin,"http://lien-french.com/",,,,,,,icon-M-rank-bib
"シグネチャー",,,michelin,"https://www.mandarinoriental.co.jp/",,,,,,,icon-M-rank-red-1
"アタ",,,michelin,"http://ata1789.com/",,,,,,,icon-M-rank-bib
"ラ・トルチュ",,,michelin,,,,,,,,icon-M-rank-bib
"ビストロ グルトン",,,michelin,,,,,,,,icon-M-rank-bib
"コム・ア・ラ・メゾン",,,michelin,,,,,,,,icon-M-rank-bib
"ル・グルトン",,,michelin,,,,,,,,icon-M-rank-bib
"ロベール デュマ",,,michelin,,,,,,,,icon-M-rank-plate
"ラ・プラージュ",,,michelin,,,,,,,,icon-M-rank-plate
"レ・サヴール",,,michelin,,,,,,,,icon-M-rank-red-1
"ラルモワーズ",,,michelin,,,,,,,,icon-M-rank-red-1
"デ アドミラル",,,michelin,,,,,,,,icon-M-rank-plate
"洋食屋 ポルコ",,,michelin,,,,,,,,icon-M-rank-plate
"ラ ターブル ドゥ ジョエル・ロブション",,,michelin,,,,,,,,icon-M-rank-red-2
"Uozen",,,michelin,,,,,,,,icon-M-rank-red-2
"宇宙色の鼻",,,michelin,,,,,,,,icon-M-rank-plate
"ラシェット",,,michelin,,,,,,,,icon-M-rank-plate
"こもれび",,,michelin,,,,,,,,icon-M-rank-plate
"シェ・ホンダ",,,michelin,,,,,,,,icon-M-rank-bib
"ル・バンボッシュ",,,michelin,,,,,,,,icon-M-rank-plate
"ビストロ シェ・ル・コパン",,,michelin,,,,,,,,icon-M-rank-bib
"土手",,,michelin,,,,,,,,icon-M-rank-plate
"塩胡椒",,,michelin,,,,,,,,icon-M-rank-plate
"ラ・シルフィード",,,michelin,,,,,,,,icon-M-rank-plate
"フレンチ食堂 ブラッスリー・ポー",,,michelin,,,,,,,,icon-M-rank-plate
"ポンヌフ",,,michelin,,,,,,,,icon-M-rank-plate
"ボン クラージュ",,,michelin,,,,,,,,icon-M-rank-plate
"ペリニィヨン",,,michelin,,,,,,,,icon-M-rank-plate
"リオノルテ カーサモリ",,,michelin,,,,,,,,icon-M-rank-plate
"ル・ビストロ・ドゥプラ",,,michelin,,,,,,,,icon-M-rank-plate
"ビストロ ナオミ",,,michelin,,,,,,,,icon-M-rank-plate
"ラ・シャンス",,,michelin,,,,,,,,icon-M-rank-red-1
"パルファン",,,michelin,,,,,,,,icon-M-rank-plate
"アンファス",,,michelin,,,,,,,,icon-M-rank-bib
"ランソレイエ",,,michelin,,,,,,,,icon-M-rank-red-1
"ラ プティ セヌ",,,michelin,,,,,,,,icon-M-rank-bib
"ラ・ネネグース",,,michelin,,,,,,,,icon-M-rank-red-1
"ロアジス坂本",,,michelin,,,,,,,,icon-M-rank-plate
"レスト K ヤマウチ",,,michelin,,,,,,,,icon-M-rank-plate
"マス ド ラヴァンド",,,michelin,,,,,,,,icon-M-rank-red-1
"ふれんち食堂 もあ・めむ",,,michelin,,,,,,,,icon-M-rank-plate
"サラマンジェ ドゥ カジノ",,,michelin,,,,,,,,icon-M-rank-bib
"ル・クーリュズ",,,michelin,,,,,,,,icon-M-rank-plate
"ビストロ &amp; クッチーナ シャンピ",,,michelin,,,,,,,,icon-M-rank-bib
"ロルキデ・ブランシュ",,,michelin,,,,,,,,icon-M-rank-plate
"ビストロ シェ スギ",,,michelin,,,,,,,,icon-M-rank-plate
"シェ・ヌゥ",,,michelin,,,,,,,,icon-M-rank-plate
"ア・テ・スエ",,,michelin,,,,,,,,icon-M-rank-plate
"ラ・メール",,,michelin,,,,,,,,icon-M-rank-red-1
"プチ・トロケ",,,michelin,,,,,,,,icon-M-rank-plate
"カーヴ・ユノキ",,,michelin,,,,,,,,icon-M-rank-plate
"ビストロ プティ・シュー",,,michelin,,,,,,,,icon-M-rank-plate
"アミラル",,,michelin,,,,,,,,icon-M-rank-red-1
"コキンヌ",,,michelin,,,,,,,,icon-M-rank-bib
"グリシーヌ・ヌフ",,,michelin,,,,,,,,icon-M-rank-plate
"ラチュレ",,,michelin,,,,,,,,icon-M-rank-red-1
"テロワール",,,michelin,,,,,,,,icon-M-rank-bib
"ビストロ スリージェ",,,michelin,,,,,,,,icon-M-rank-bib
"オー ソレイユ クーシャン",,,michelin,,,,,,,,icon-M-rank-bib
"フラワーズ",,,michelin,,,,,,,,icon-M-rank-plate
"オールド コースト プリュス",,,michelin,,,,,,,,icon-M-rank-bib
"フェデネージュ",,,michelin,,,,,,,,icon-M-rank-bib
"オーバン",,,michelin,,,,,,,,icon-M-rank-plate
"ココット 山下",,,michelin,,,,,,,,icon-M-rank-bib
"ラ キュイジーヌ ドゥ カワムラ",,,michelin,,,,,,,,icon-M-rank-plate
"ラ・ヴェルヴェンヌ",,,michelin,,,,,,,,icon-M-rank-plate
"ビストロ ル・ラパン",,,michelin,,,,,,,,icon-M-rank-bib
"カシェット 池上",,,michelin,,,,,,,,icon-M-rank-plate
"ヨシダ",,,michelin,,,,,,,,icon-M-rank-plate
"ラ・メール ザ クラシック",,,michelin,,,,,,,,icon-M-rank-plate
"Tobe オーベルジュリゾート",,,michelin,,,,,,,,icon-M-rank-plate
"ル・トア・ド・パリ",,,michelin,,,,,,,,icon-M-rank-plate
"Tokyo食堂",,,michelin,,,,,,,,icon-M-rank-plate
"ビストロ ミツ",,,michelin,,,,,,,,icon-M-rank-bib
"プロヴァンスの12ヵ月",,,michelin,,,,,,,,icon-M-rank-plate
"ラ・カラパス",,,michelin,,,,,,,,icon-M-rank-plate
"リリアーヌ",,,michelin,,,,,,,,icon-M-rank-plate
"サ マッシュ",,,michelin,,,,,,,,icon-M-rank-bib
"エス小林",,,michelin,,,,,,,,icon-M-rank-plate
"ブラッスリー アゴラ",,,michelin,,,,,,,,icon-M-rank-plate
"ピエール",,,michelin,,,,,,,,icon-M-rank-red-1
"ラ デルニエール ブシェ",,,michelin,,,,,,,,icon-M-rank-bib
"ジャンティーユ",,,michelin,,,,,,,,icon-M-rank-plate
"ミクニ ナゴヤ",,,michelin,,,,,,,,icon-M-rank-red-1
"シュエット",,,michelin,,,,,,,,icon-M-rank-plate
"ル・カドゥ",,,michelin,,,,,,,,icon-M-rank-red-1
"Takayanagui",,,michelin,,,,,,,,icon-M-rank-bib
"オヴィ",,,michelin,,,,,,,,icon-M-rank-plate
"バーグ",,,michelin,,,,,,,,icon-M-rank-bib
"ラーモニー・ドゥ・ラ・ルミエール",,,michelin,,,,,,,,icon-M-rank-plate
"ボン ヴィヴァン",,,michelin,,,,,,,,icon-M-rank-plate
"Ryomon",,,michelin,,,,,,,,icon-M-rank-plate
"きた山",,,michelin,,,,,,,,icon-M-rank-plate
"エピキュール・モア",,,michelin,,,,,,,,icon-M-rank-plate
"Peg",,,michelin,,,,,,,,icon-M-rank-bib
"エスカリエ",,,michelin,,,,,,,,icon-M-rank-plate
"シャルキュティエ ピカソ",,,michelin,,,,,,,,icon-M-rank-plate
"ル・ジャンジャンブル",,,michelin,,,,,,,,icon-M-rank-red-1
"赤煉瓦",,,michelin,,,,,,,,icon-M-rank-plate
"ドゥ・エ・ドゥ",,,michelin,,,,,,,,icon-M-rank-plate
"やな木",,,michelin,,,,,,,,icon-M-rank-plate
"ハーバーテラスSasebo迎賓館",,,michelin,,,,,,,,icon-M-rank-red-1
"ビストロ・ド・ペイ",,,michelin,,,,,,,,icon-M-rank-plate
"ビストロ ヤナギハラ",,,michelin,,,,,,,,icon-M-rank-bib
"ラトリエ・ドゥ・ノト",,,michelin,,,,,,,,icon-M-rank-plate
"グリル片山",,,michelin,,,,,,,,icon-M-rank-plate
"椋",,,michelin,,,,,,,,icon-M-rank-plate
"オノウエ",,,michelin,,,,,,,,icon-M-rank-red-1
"ラ・ボンヌ・フランケット",,,michelin,,,,,,,,icon-M-rank-plate
"達磨亭",,,michelin,,,,,,,,icon-M-rank-plate
"ル クレヨン",,,michelin,,,,,,,,icon-M-rank-bib
"コート・ロティ",,,michelin,,,,,,,,icon-M-rank-bib
"食堂セゾンドール",,,michelin,,,,,,,,icon-M-rank-plate
"カフェフランセYuki",,,michelin,,,,,,,,icon-M-rank-plate
"ターブル・ハラダ",,,michelin,,,,,,,,icon-M-rank-bib
"ザ・ひらまつ ホテルズ &amp; リゾーツ 賢島",,,michelin,,,,,,,,icon-M-rank-red-1
"ビストロ ポーレット",,,michelin,,,,,,,,icon-M-rank-plate
"オーグードゥジュール メルヴェイユ 博多",,,michelin,,,,,,,,icon-M-rank-red-1
"シェ シノ",,,michelin,,,,,,,,icon-M-rank-bib
"ル キャトーズィエム",,,michelin,,,,,,,,icon-M-rank-bib
"エム ミウラ",,,michelin,,,,,,,,icon-M-rank-plate
"サンセリテ",,,michelin,,,,,,,,icon-M-rank-plate
"ル・キャバレ",,,michelin,,,,,,,,icon-M-rank-bib
"ル ボン",,,michelin,,,,,,,,icon-M-rank-bib
"メルシー食堂 キャトル",,,michelin,,,,,,,,icon-M-rank-plate
"ビストロ・シェケン",,,michelin,,,,,,,,icon-M-rank-bib
"エマーブル",,,michelin,,,,,,,,icon-M-rank-plate
"Iso",,,michelin,,,,,,,,icon-M-rank-red-1
"ラ・ヴァガボンド",,,michelin,,,,,,,,icon-M-rank-red-2
"ラ・カンロ",,,michelin,,,,,,,,icon-M-rank-red-1
"ビストロ エ ヴァン カドゥー",,,michelin,,,,,,,,icon-M-rank-bib
"ル・コントワール",,,michelin,,,,,,,,icon-M-rank-plate
"Ryu",,,michelin,,,,,,,,icon-M-rank-plate
"オーベルジュ アンドラ・モンターニュ",,,michelin,,,,,,,,icon-M-rank-plate