nom,nom2,adresse,retty,url,fb,mail
"イイザカ",,"東京都","https://retty.me/area/PRE13/ARE6/SUB603/100001041187/",,"https://www.facebook.com/%E3%83%95%E3%83%A9%E3%83%B3%E3%82%B9%E6%96%99%E7%90%86IIZAKA-350661471779617/info",,
"ル シエル",,"鹿児島県","https://retty.me/area/PRE46/ARE143/SUB14301/100000941222/","http://www.shiroyama-g.co.jp/promotion/skylounge/",,,
"サンク",,"愛知県","https://retty.me/area/PRE23/ARE64/SUB6401/100001334268/","http://www.cuisine-cinq.com/",,,
"タンモア",,"東京都","https://retty.me/area/PRE13/ARE18/SUB1801/100001432839/",,"https://www.facebook.com/tanmoa0901/",,
"ル・クール",,"千葉県","https://retty.me/area/PRE12/ARE45/SUB4501/100000709518/","http://www.lecoeur-llc.jp/",,,
"ォーシーズ",,"徳島県","https://retty.me/area/PRE36/ARE148/SUB14804/100001313960/","http://renaissance-naruto.com/restaurant/locations/fourseasons.html",,,
"プレミナ",,"石川県","https://retty.me/area/PRE17/ARE155/SUB15501/100000454712/","http://www.norio.co.jp/",,,
"ORIGIN",,"大阪府","https://retty.me/area/PRE27/ARE92/SUB9203/100001338472/","https://www.instagram.com/restaurantorigin/","https://www.facebook.com/origintenmabashi/",,
"My Way",,"徳島県","https://retty.me/area/PRE36/ARE303/SUB30301/100000620328/",,,,
"セルジュ&ジェー",,"東京都","https://retty.me/area/PRE13/ARE12/SUB1205/100001247736/",,,,
"レ セゾン 帝国ホテル大阪",,"大阪府","https://retty.me/area/PRE27/ARE92/SUB62105/100001203250/","http://www.imperialhotel.co.jp/j/osaka/restaurant/les_saisons/",,,
"の店　レストラン　リヴァージュ",,"栃木県","https://retty.me/area/PRE09/ARE238/SUB23804/100000389026/",,,,
"ルミエール 富山第一ホテル",,"富山県","https://retty.me/area/PRE16/ARE156/SUB15601/100001048307/","https://www.hankyu-hotel.com/hotel/dh/toyamadh/restaurants/lumiere",,,
"トリアノン 札幌プリンスホテル",,"北海道","https://retty.me/area/PRE01/ARE164/SUB43802/100001195785/",,,,
"ボンファム",,"福岡県","https://retty.me/area/PRE40/ARE134/SUB13402/100000264670/","http://kokura-bonnefemme.com/bonnefemme.html",,,
"ヴァンベール 湯本富士屋ホテル",,"神奈川県","https://retty.me/area/PRE14/ARE30/SUB3002/100001405745/","http://www.yumotofujiya.jp/restaurant/ventvert/index.html",,,
"ボナキュー エクシブ蓼科",,"長野県","https://retty.me/area/PRE20/ARE298/SUB56006/100001399136/",,,,
"クラウンレストラン ホテルグランドパレ",,"東京都","https://retty.me/area/PRE13/ARE6/SUB602/100000790654/","http://www.grandpalace.co.jp/",,,
"ダイニングルーム 上高地帝国ホテル",,"長野県","https://retty.me/area/PRE20/ARE273/SUB27301/100001349396/","http://www.imperialhotel.co.jp/j/kamikochi/restaurant/diningroom/",,,
"プリドール ホテルグランヴィア岡山",,"岡山県","https://retty.me/area/PRE33/ARE153/SUB15301/100001407351/",,,,
"Les TONNEAUX",,"東京都","https://retty.me/area/PRE13/ARE10/SUB1002/100000020498/","http://www.lestonneaux.com/",,,
"六本木ヒルズクラブ",,"東京都","https://retty.me/area/PRE13/ARE14/SUB1401/100000825387/","http://www.roppongihillsclub.com/visitor/dfw/jp/info/index.html",,,
"サル ドゥ マキノ",,"東京都","https://retty.me/area/PRE13/ARE14/SUB1402/100000869843/","http://salledemakino.com/",,,
"祇園245",,"京都府","https://retty.me/area/PRE26/ARE112/SUB11203/100000448460/",,,,
"ホテル グランパシフィック LE DAIBA",,"東京都","https://retty.me/area/PRE13/ARE312/SUB31201/100000048415/","https://www.tokyo.grand-nikko.com/restaurant/garden_dining/",,,
"サユラ ヴァン ファ",,"京都府","https://retty.me/area/PRE26/ARE112/SUB11201/100000809919/","http://www.sayura-vinfin.com/",,,
"竹田屋 東金店",,"千葉県","https://retty.me/area/PRE12/ARE471/SUB4702/100000448350/",,,,
"代官山 小川軒",,"東京都","https://retty.me/area/PRE13/ARE7/SUB702/100000015542/",,,,
"Kura-倉Cafe",,"熊本県","https://retty.me/area/PRE43/ARE241/SUB24103/100001114424/","https://ja-jp.facebook.com/kuracafe","https://ja-jp.facebook.com/kuracafe",,
"ビストロ イイダ",,"福岡県","https://retty.me/area/PRE40/ARE136/SUB13601/100000783114/","http://bistrotiida.area9.jp/",,,
"シェルブルー",,"奈良県","https://retty.me/area/PRE29/ARE120/SUB12001/100001218479/","http://steak-cielbleu.com/",,,
"清風明月",,"東京都","https://retty.me/area/PRE13/ARE2/SUB201/100000020112/","http://www.seifu-m.com/",,,
"イタリアンレストラン ピーノ",,"神奈川県","https://retty.me/area/PRE14/ARE586/SUB3702/100001227485/","https://italianrestaurantpino.gorp.jp/","https://www.facebook.com/pino.italian",,
"バラティエ",,"福岡県","https://retty.me/area/PRE40/ARE127/SUB12703/100000646593/","https://baratie-fukuoka.com/","https://www.facebook.com/BARATIE.Fukuoka.Haruyoshi/",,
"グット ド レザ",,"東京都","https://retty.me/area/PRE13/ARE1/SUB105/100001249177/","http://www.gouttederaisin.com/","https://www.facebook.com/gouttederaisin/",,
"我ん家",,"東京都","https://retty.me/area/PRE13/ARE664/SUB2205/100001211165/",,,,
"カイツリー®ビューレストラン 簾",,"東京都","https://retty.me/area/PRE13/ARE17/SUB1701/100000454059/","http://www.tobuhotel.co.jp/levant/restaurants/ren.html",,,
"松尾 かも川",,"京都府","https://retty.me/area/PRE26/ARE114/SUB11401/100000226977/","http://grillhana.com/",,,
"レスパス 美愉 長浜ロイヤルホテル",,"滋賀県","https://retty.me/area/PRE25/ARE413/SUB26602/100001307616/","http://www.daiwaresort.jp/nagahama/",,,
"旬香亭",,"静岡県","https://retty.me/area/PRE22/ARE78/SUB7801/100001198792/",,,,
"鳥羽国際ホテル潮路亭 白石",,"三重県","https://retty.me/area/PRE24/ARE234/SUB23403/100001106405/","http://www.shiojitei.jp/cuisine/shiraishi.html",,,
"ハルダイニング",,"東京都","https://retty.me/area/PRE13/ARE15/SUB1503/100000707918/",,,,
"YOSHIDA Kappou",,"福岡県","https://retty.me/area/PRE40/ARE134/SUB13402/100001311164/","http://yoshida-kappou.jp/","https://www.facebook.com/YOSHIDAKappou-1718550495080095/",,
"アクアペンション クッチェッタ",,"静岡県","https://retty.me/area/PRE22/ARE337/SUB33702/100000912843/","http://cuccetta.com/",,,
"グランドビュー",,"京都府","https://retty.me/area/PRE26/ARE112/SUB11201/100001230158/",,,,
"ビストロ　ウスケ",,"兵庫県","https://retty.me/area/PRE28/ARE105/SUB10501/100001000306/",,"https://www.facebook.com/BistroUsuke20120727?fref=photo",,
"祇園びとら、",,"京都府","https://retty.me/area/PRE26/ARE112/SUB11201/100001305627/","http://www.vitra.jp/","https://www.facebook.com/gionvitra/",,
"創作料理ブリスタ",,"東京都","https://retty.me/area/PRE13/ARE7/SUB702/100001298437/","http://blista.sunnyday.jp/","https://www.facebook.com/blista2016/",,
"戸倉上山田温泉 湯元 上山田ホテル",,"長野県","https://retty.me/area/PRE20/ARE82/SUB55707/100001314165/","http://www.kamiyamada.com/",,,
"ルカワヤ",,"東京都","https://retty.me/area/PRE13/ARE24/SUB2404/100000063313/","http://www.furukawaya.jp/",,,
"ビストロ・プラン・デ・プ",,"栃木県","https://retty.me/area/PRE09/ARE539/SUB53904/100000394934/",,,,
"Kabi",,"東京都","https://retty.me/area/PRE13/ARE13/SUB704/100001389726/",,"https://www.facebook.com/restaurantKabi/",,
"アスティチェ",,"東京都","https://retty.me/area/PRE13/ARE7/SUB701/100001390136/",,,,
"kimura",,"秋田県","https://retty.me/area/PRE05/ARE160/SUB16001/100001452269/",,"https://www.facebook.com/Kimura-1732869440146638/?ref=page_internal",,
"ガーデンテラス長崎 ホテル&リゾート",,"長崎県","https://retty.me/area/PRE42/ARE139/SUB13901/100001317579/",,,,
"イレールビス 自由が丘",,"東京都","https://retty.me/area/PRE13/ARE665/SUB2001/100001541450/","https://www.instagram.com/irreelbis_jiyugaoka/","https://www.facebook.com/irreelbisjiyugaoka/",,
"ハッケイ レスト",,"兵庫県","https://retty.me/area/PRE28/ARE98/SUB9801/100001544933/","https://hakkei.jp/#home",,,
"千里阪急ホテル",,"大阪府","https://retty.me/area/PRE27/ARE84/SUB8402/100001383974/",,,,
"如月",,"福岡県","https://retty.me/area/PRE40/ARE122/SUB64003/100001525097/","https://fbmc000.gorp.jp/",,,
"立川 寿司 空",,"東京都","https://retty.me/area/PRE13/ARE3/SUB301/100001553301/","https://tabelog.com/tokyo/A1329/A132901/13250241/",,,
"創作フレンチ鉄板Hanasaki",,"東京都","https://retty.me/area/PRE13/ARE2/SUB1601/100001458340/",,,,
"季音",,"神奈川県","https://retty.me/area/PRE14/ARE34/SUB3401/100001523041/","http://kinon-kamakura.com/",,,
"クーポール会館",,"静岡県","https://retty.me/area/PRE22/ARE78/SUB7801/100001320653/",,,,
"ブリティッシュハウス 輪舞曲",,"栃木県","https://retty.me/area/PRE09/ARE542/SUB26903/100001345495/","http://www.h-rondo.com/",,,
"足利公園　蓮岱館",,"栃木県","https://retty.me/area/PRE09/ARE238/SUB23803/100000387643/","http://www.rendaikan.net/enkai.php",,,
"ワイン バー オネスト",,"東京都","https://retty.me/area/PRE13/ARE6/SUB603/100001556591/",,,,
"ブノワ",,"東京都","https://retty.me/area/PRE13/ARE23/SUB2302/100000000649/","http://www.benoit-tokyo.com/",,,
"Quintessence",,"東京都","https://retty.me/area/PRE13/ARE16/SUB1301/100000000909/","http://www.quintessence.jp/",,,
"レフェルヴェソ",,"東京都","https://retty.me/area/PRE13/ARE14/SUB1402/100000009154/","http://www.leffervescence.jp/","https://www.facebook.com/leffervescence.tokyo/",,
"ロオジエ",,"東京都","https://retty.me/area/PRE13/ARE2/SUB201/100000000215/","http://www.shiseido.co.jp/losier/",,,
"Joel Robuchon",,"東京都","https://retty.me/area/PRE13/ARE7/SUB701/100000448860/","http://www.robuchon.jp/",,,
"ターブル ドゥ ジョエル・ロブショ",,"東京都","https://retty.me/area/PRE13/ARE7/SUB701/100000011683/","http://www.robuchon.jp/ebisu/la_table.html",,,
"トリエ ドゥ ジョエルロブショ",,"東京都","https://retty.me/area/PRE13/ARE14/SUB1401/100000002061/","http://www.robuchon.jp/",,,
"マノワ",,"東京都","https://retty.me/area/PRE13/ARE14/SUB1403/100000059117/","http://manoir-restaurant.jp/",,,
"ベージュ アラン・デュカス トウキョウ",,"東京都","https://retty.me/area/PRE13/ARE2/SUB201/100000006511/","http://www.beige-tokyo.com/",,,
"エスキ",,"東京都","https://retty.me/area/PRE13/ARE2/SUB201/100000716183/","http://www.esquissetokyo.com/",,,
"シェ・イノ",,"東京都","https://retty.me/area/PRE13/ARE15/SUB1501/100000015541/","http://www.chezinno.jp/",,,
"ロリレージュ",,"東京都","https://retty.me/area/PRE13/ARE23/SUB2301/100001205389/","http://www.aoyama-florilege.jp/",,,
"オザミトーキョー 丸ビル",,"東京都","https://retty.me/area/PRE13/ARE15/SUB1504/100000612643/","https://auxamis.com/tokyo",,,
"モナリザ恵比寿店",,"東京都","https://retty.me/area/PRE13/ARE7/SUB701/100000014762/","http://www.monnalisa.co.jp/",,,
"・ボンヌターブル",,"東京都","https://retty.me/area/PRE13/ARE15/SUB1503/100000875867/","http://labonnetable.jp/",,,
"資生堂パーラー 銀座本店",,"東京都","https://retty.me/area/PRE13/ARE2/SUB201/100000450869/","http://parlour.shiseido.co.jp/",,,
"Air",,"東京都","https://retty.me/area/PRE13/ARE2/SUB201/100001232485/","http://restaurant-air.com/",,,
"レストラン・サカキ",,"東京都","https://retty.me/area/PRE13/ARE15/SUB1501/100000005939/","http://www.r-sakaki.com/","https://www.facebook.com/%E3%83%AC%E3%82%B9%E3%83%88%E3%83%A9%E3%83%B3%E3%82%B5%E3%82%AB%E3%82%AD-454205071322690/",,
"シンシア",,"東京都","https://retty.me/area/PRE13/ARE23/SUB109/100001273391/",,"https://www.facebook.com/fr.sincere/",,
"ペ",,"東京都","https://retty.me/area/PRE13/ARE15/SUB1503/100001175520/","http://lapaix-m.jp/",,,
"レストラン リューズ",,"東京都","https://retty.me/area/PRE13/ARE14/SUB1401/100000027681/","http://restaurant-ryuzu.com/","https://www.facebook.com/restaurantryuzu/",,
"オギノ",,"東京都","https://retty.me/area/PRE13/ARE20/SUB2006/100000002647/","http://www.french-ogino.com/",,,
"LATURE",,"東京都","https://retty.me/area/PRE13/ARE8/SUB805/100001289649/","https://www.lature.jp/","https://www.facebook.com/lature.restaurant/",,
"ブロック",,"東京都","https://retty.me/area/PRE13/ARE7/SUB703/100000738588/","http://www.gamin2008.com/shopinfo/blocks.html",,,
"ル・ブルギニオ",,"東京都","https://retty.me/area/PRE13/ARE14/SUB1402/100000005784/","http://le-bourguignon.jp/",,,
"モナリザ 丸の内店",,"東京都","https://retty.me/area/PRE13/ARE15/SUB1504/100000029116/","http://www.monnalisa.co.jp/","https://www.facebook.com/monnalisamarubill/",,
"エクアトゥール",,"東京都","https://retty.me/area/PRE13/ARE14/SUB1405/100000081856/","http://equa-teur.com/",,,
"アベ",,"東京都","https://retty.me/area/PRE13/ARE7/SUB701/100000741469/",,,,
"ルカンケ",,"東京都","https://retty.me/area/PRE13/ARE14/SUB1404/100000014102/","http://requinquer.jp/",,,
"・フィネ",,"東京都","https://retty.me/area/PRE13/ARE2/SUB1601/100000704942/","http://www.la-fins.com/",,,
"ルグドゥノム ブション リヨネ",,"東京都","https://retty.me/area/PRE13/ARE6/SUB604/100000014206/","http://www.lyondelyon.com/index.php","https://www.facebook.com/LugdunumBouchonLyonnais/",,
"ル スプートニク",,"東京都","https://retty.me/area/PRE13/ARE14/SUB1401/100001224635/","http://le-sputnik.jp/",,,
"レクテ",,"東京都","https://retty.me/area/PRE13/ARE7/SUB702/100000005576/","http://www.recte.jp/","https://www.facebook.com/recte.jp/",,
"レザンファン ギャテ",,"東京都","https://retty.me/area/PRE13/ARE7/SUB702/100000012322/","http://www.terrine-gates.com/","https://www.facebook.com/%E3%83%AC%E3%82%B6%E3%83%B3%E3%83%95%E3%82%A1%E3%83%B3-%E3%82%AE%E3%83%A3%E3%83%86--137963242956546/?ref=hl",,
"BREEZE OF TOKYO",,"東京都","https://retty.me/area/PRE13/ARE15/SUB1504/100000747536/","http://breezeoftokyo.com/","https://www.facebook.com/BreezeOfTokyo",,
"アピシウ",,"東京都","https://retty.me/area/PRE13/ARE2/SUB202/100000710292/","http://www.apicius.co.jp/",,,
"イラ レスト",,"東京都","https://retty.me/area/PRE13/ARE18/SUB1801/100000807619/","http://www.lylatokyo.com/",,,
"レストランひらまつ 広尾",,"東京都","https://retty.me/area/PRE13/ARE14/SUB1403/100000020691/","http://www.hiramatsu.jp/hiroo/",,,
"・マティエール",,"東京都","https://retty.me/area/PRE13/ARE6/SUB604/100000720318/","https://pocket-concierge.jp/restaurants/14022",,,
"銀座 シェ・トモ",,"東京都","https://retty.me/area/PRE13/ARE2/SUB201/100000006047/","http://www.chez-tomo.com/",,,
"クラフタル",,"東京都","https://retty.me/area/PRE13/ARE7/SUB702/100001233985/","https://www.craftale-tokyo.com/",,,
"Fish Bank TOKYO",,"東京都","https://retty.me/area/PRE13/ARE2/SUB1603/100000024530/","http://www.fish-bank-tokyo.jp/","https://www.facebook.com/FishBankTOKYO/",,
"オテル・ドゥ・ミクニ",,"東京都","https://retty.me/area/PRE13/ARE6/SUB603/100000010525/","http://www.oui-mikuni.co.jp/hoteldemikuni/",,,
"タワーズレストラン クーカーニョ セルリアンタワー東急ホテル",,"東京都","https://retty.me/area/PRE13/ARE8/SUB803/100000010852/","https://www.tokyuhotels.co.jp/cerulean-h/restaurant/coucagno/index.html",,,
"エディション・コウジ シモム",,"東京都","https://retty.me/area/PRE13/ARE14/SUB1401/100000715741/","http://www.koji-shimomura.jp/",,,
"コート・ドール",,"東京都","https://retty.me/area/PRE13/ARE16/SUB1302/100000027278/",,,,
"シノワ 渋谷店",,"東京都","https://retty.me/area/PRE13/ARE8/SUB802/100000055363/","https://www.chinois.jp/shibuya/","https://www.facebook.com/WineBarChinois",,
"レストランひらまつ レゼルヴ",,"東京都","https://retty.me/area/PRE13/ARE14/SUB1402/100000453737/","http://www.hiramatsu.jp/cave",,,
"シャントレル",,"東京都","https://retty.me/area/PRE13/ARE664/SUB111/100000034864/","http://www.chanterelle.jp/about/",,,
"レ セゾ",,"東京都","https://retty.me/area/PRE13/ARE2/SUB202/100000706363/","https://www.imperialhotel.co.jp/j/tokyo/restaurant/les_saisons/",,,
"メゾン ポール・ボキューズ",,"東京都","https://retty.me/area/PRE13/ARE7/SUB702/100000742726/","http://www.paulbocuse.jp/maison/",,,
"Jean-Georges Tokyo",,"東京都","https://retty.me/area/PRE13/ARE14/SUB1401/100000874462/","http://www.jean-georges-tokyo.jp/","https://www.facebook.com/jeangeorgest/",,
"コントワール ミサゴ",,"東京都","https://retty.me/area/PRE13/ARE14/SUB1402/100000040306/","http://missago.com/",,,
"ローブリュー",,"東京都","https://retty.me/area/PRE13/ARE23/SUB2303/100000038639/","http://lauburu.jp/",,,
"SIGNATURE マンダリンオリエンタル東京",,"東京都","https://retty.me/area/PRE13/ARE15/SUB1503/100000005905/","http://www.mandarinoriental.co.jp/tokyo/dining/signature/",,,
"アバスク イチャスエタメンディ",,"東京都","https://retty.me/area/PRE13/ARE8/SUB805/100000009785/","http://abasque.com/","https://www.facebook.com/abasque.iem/",,
"シェ松尾 松濤レスト",,"東京都","https://retty.me/area/PRE13/ARE8/SUB804/100000006182/","http://www.chez-matsuo.co.jp/","https://www.facebook.com/%E3%82%B7%E3%82%A7%E6%9D%BE%E5%B0%BE%E6%9D%BE%E6%BF%A4%E3%83%AC%E3%82%B9%E3%83%88%E3%83%A9%E3%83%B3-998011106918239/",,
"Le Nougat",,"東京都","https://retty.me/area/PRE13/ARE2/SUB201/100000353195/","http://lenougat.jp/",,,
"シック プッテートル",,"東京都","https://retty.me/area/PRE13/ARE10/SUB1002/100000844783/","http://www.chic-peut-etre.com/",,,
"L'orgueil",,"東京都","https://retty.me/area/PRE13/ARE23/SUB2303/100001265297/","http://orgueil.net/",,,
"Hommage",,"東京都","https://retty.me/area/PRE13/ARE9/SUB902/100000030153/","http://www.hommage-arai.com/","https://www.facebook.com/Restaurant-Hommage-%E3%83%AC%E3%82%B9%E3%83%88%E3%83%A9%E3%83%B3%E3%82%AA%E3%83%9E%E3%83%BC%E3%82%B8%E3%83%A5-412725242107795/",,
"ボニュ",,"東京都","https://retty.me/area/PRE13/ARE1/SUB102/100001222826/","http://www.bon-nu.jp/",,,
"マダム・トキ",,"東京都","https://retty.me/area/PRE13/ARE7/SUB702/100000012632/","http://www.madame-toki.com/",,,
"OKADA",,"東京都","https://retty.me/area/PRE13/ARE14/SUB1403/100000065560/",,,,
"ール・エ・ラ・マニエール",,"東京都","https://retty.me/area/PRE13/ARE2/SUB201/100000006075/","http://lart.co.jp/",,,
"クイーン・アリ",,"神奈川県","https://retty.me/area/PRE14/ARE39/SUB3901/100000016099/","https://ybht.co.jp/restaurant/queen_alice.php",,,
"レストラン ラ・マーレ",,"神奈川県","https://retty.me/area/PRE14/ARE40/SUB3402/100000045596/","http://www.chaya.co.jp/",,,
"ビルボード ライブ",,"東京都","https://retty.me/area/PRE13/ARE14/SUB1401/100000027855/","http://www.billboard-live.com/",,,
"ジランドール",,"東京都","https://retty.me/area/PRE13/ARE1/SUB106/100000008928/","https://restaurants.tokyo.park.hyatt.co.jp/grd.html","https://www.facebook.com/ParkHyattTokyo",,
"オーベルジュ・ド・リル トーキョー",,"東京都","https://retty.me/area/PRE13/ARE14/SUB1402/100000038610/","http://www.haeberlin.jp/aubergedelill-tokyo/menu.html",,,
"ル・マノアール・ダスティ",,"東京都","https://retty.me/area/PRE13/ARE2/SUB201/100000013177/","http://www.le-manoir-dhastings.com/",,,
"GRILL UKAI MARUNOUCHI",,"東京都","https://retty.me/area/PRE13/ARE15/SUB1504/100000007835/","http://www.grill-ukai.jp/",,,
"リア",,"東京都","https://retty.me/area/PRE13/ARE6/SUB604/100000067492/","http://www.lalliance.jp/",,,
"タツミ",,"東京都","https://retty.me/area/PRE13/ARE7/SUB703/100000034496/","http://www.hr-tatsumi.com/",,,
"アジュール フォーティーファイブ",,"東京都","https://retty.me/area/PRE13/ARE14/SUB1401/100000033819/","http://www.ritz-carlton.jp/restaurant/azure/","https://www.facebook.com/pages/Azure-45/146631615386402?rf=246224095419132",,
"レストラン タテル ヨシノ 銀座",,"東京都","https://retty.me/area/PRE13/ARE2/SUB201/100000013667/","http://www.tateruyoshino.com/",,,
"マルディグ",,"東京都","https://retty.me/area/PRE13/ARE2/SUB201/100000000956/",,"https://www.facebook.com/%E3%83%9E%E3%83%AB%E3%83%87%E3%82%A3%E3%82%B0%E3%83%A9-168848883170244/?rf=294461550984724",,
"kiki harajuku",,"東京都","https://retty.me/area/PRE13/ARE23/SUB2301/100000036668/","http://kikioishii.com/",,,
"レストラン　ラ・トルチュ",,"東京都","https://retty.me/area/PRE13/ARE14/SUB1403/100000215246/","http://www.tateruyoshino.com/news/all/20110502.html",,,
"ahill azabu",,"東京都","https://retty.me/area/PRE13/ARE14/SUB1402/100000720743/","http://www.ahill.jp/azabu",,,
"ル ブルターニュ バー ア シードル レスト",,"東京都","https://retty.me/area/PRE13/ARE6/SUB604/100000768089/","http://www.le-bretagne.com/j/bar/",,,
"オー・ギャマン・ド・トキオ",,"東京都","https://retty.me/area/PRE13/ARE7/SUB701/100001193982/","http://www.gamin2008.com/shopinfo/tokio.html",,,
"ミュージアム 1999 ロアラブッシュ",,"東京都","https://retty.me/area/PRE13/ARE8/SUB805/100000054616/","http://www.1999group.com/","https://www.facebook.com/R.Leaualabouche/",,
"ahill 銀座店",,"東京都","https://retty.me/area/PRE13/ARE2/SUB201/100000451478/","http://www.ahill.jp/ginza",,,
"Nabeno-Ism",,"東京都","https://retty.me/area/PRE13/ARE9/SUB902/100001288832/","http://nabeno-ism.tokyo/",,,
"アルカナ東京",,"東京都","https://retty.me/area/PRE13/ARE15/SUB1504/100000797272/","http://arcana.co.jp/tokyo/","https://www.facebook.com/ArcanaTokyoKarato",,
"アルジェント",,"東京都","https://retty.me/area/PRE13/ARE2/SUB201/100000039451/","https://www.hiramatsurestaurant.jp/argento-asami/",,,
"ル サロン ジャック・ボリー",,"東京都","https://retty.me/area/PRE13/ARE1/SUB104/100000754448/","http://parlour.shiseido.co.jp/lesalon/index.html",,,
"moRi",,"東京都","https://retty.me/area/PRE13/ARE7/SUB701/100000007666/","http://www.mori-ebisu.jp/",,,
"オーベルジュ・オー・ミラドー",,"神奈川県","https://retty.me/area/PRE14/ARE30/SUB3002/100000066014/","http://www.mirador.co.jp/",,,
"ブラスリー",,"東京都","https://retty.me/area/PRE13/ARE2/SUB202/100000710280/","http://www.imperialhotel.co.jp/",,,
"ブーケ・ド・",,"東京都","https://retty.me/area/PRE13/ARE14/SUB1401/100000026237/","http://www.bouquet-de-france.com/",,,
"タワシタ",,"東京都","https://retty.me/area/PRE13/ARE14/SUB1405/100000014095/","https://towershita.jp/",,,
"レストラン フウ",,"東京都","https://retty.me/area/PRE13/ARE14/SUB1401/100000017074/","http://www.feu.co.jp/","https://www.facebook.com/Restaurant-FEU-324791874295876/",,
"レインボーブリッジビューダイニング＆シャンパンバー マンハッタ",,"東京都","https://retty.me/area/PRE13/ARE16/SUB1302/100000828357/","http://www.interconti-tokyo.com/",,,
"ゴブリ",,"東京都","https://retty.me/area/PRE13/ARE14/SUB1402/100000007386/","http://www.goblin.co.jp/",,,
"CILQ",,"東京都","https://retty.me/area/PRE13/ARE23/SUB2303/100000872288/","http://cilq.jp/","https://www.facebook.com/cilq.jp/?pnref=story",,
"モレスク",,"東京都","https://retty.me/area/PRE13/ARE14/SUB1404/100000045218/",,,,
"レストラン アラジ",,"東京都","https://retty.me/area/PRE13/ARE7/SUB701/100000004912/","http://www.restaurant-aladdin.com/",,,
"ボン・ピナール",,"東京都","https://retty.me/area/PRE13/ARE14/SUB1405/100000024504/","http://www.bonpinard.com/",,,
"キノシタ",,"東京都","https://retty.me/area/PRE13/ARE1/SUB102/100000006045/","http://www.restaurant-kinoshita.com/",,,
"Crony",,"東京都","https://retty.me/area/PRE13/ARE14/SUB1402/100001311460/","http://www.fft-crony.jp/",,,
"山地陽介",,"京都府","https://retty.me/area/PRE26/ARE112/SUB11201/100001219716/","http://www.yosukeyamaji.com/","https://www.facebook.com/yamaji.yosuke",,
"シノワ 銀座店",,"東京都","https://retty.me/area/PRE13/ARE2/SUB201/100000007852/","http://www.chinois.jp/","https://www.facebook.com/WineBarChinois/",,
"アビエント",,"東京都","https://retty.me/area/PRE13/ARE8/SUB803/100000038494/","http://www.shibuya-e.tokyuhotels.co.jp/ja/restaurant/shop_01/index.html",,,
"ト",,"東京都","https://retty.me/area/PRE13/ARE6/SUB604/100000013449/","http://www.latlas.jp/",,,
"プロヴァ",,"東京都","https://retty.me/area/PRE13/ARE16/SUB1302/100000752155/","http://www.interconti-tokyo.com/rs_pro.html",,,
"レストラン セララバアド",,"東京都","https://retty.me/area/PRE13/ARE664/SUB111/100001196746/","http://www.celaravird.com/",,,
"キッサコ",,"東京都","https://retty.me/area/PRE13/ARE14/SUB1405/100000007942/","http://www.kissako.jp/","https://www.facebook.com/kissako.jp/",,
"ヌキテパ",,"東京都","https://retty.me/area/PRE13/ARE13/SUB1303/100000024709/","http://nequittezpas.com/",,,
"カサハ",,"東京都","https://retty.me/area/PRE13/ARE14/SUB1402/100000010172/","http://www.nishiazabu-kasahara.com/",,,
"クープ ドール",,"東京都","https://retty.me/area/PRE13/ARE14/SUB1404/100000839345/","http://www.lacoupedor.jp/",,,
"ボンシュマ",,"東京都","https://retty.me/area/PRE13/ARE665/SUB2002/100000079303/","http://www.bonchemin.com/",,,
"ピエール・ガニェール",,"東京都","https://retty.me/area/PRE13/ARE18/SUB1801/100000748330/","http://www.anaintercontinental-tokyo.jp/pierre_gagnaire/index.html",,,
"ケンゾーエステートワイナリー 六本木ヒルズ",,"東京都","https://retty.me/area/PRE13/ARE14/SUB1401/100000851452/","http://www.kenzoestate.jp/features/special07.php",,,
"サラマンジェ・ド・イザシ・ワキサカ",,"東京都","https://retty.me/area/PRE13/ARE2/SUB201/100000037862/","http://salle-a-manger.de-blog.jp/",,,
"リベルテアターブルドタケダ",,"東京都","https://retty.me/area/PRE13/ARE14/SUB1405/100000072514/",,"https://www.facebook.com/LiberteATableDeTakeda/",,
"sio",,"東京都","https://retty.me/area/PRE13/ARE664/SUB111/100000804416/","https://www.instagram.com/sioyoyogiuehara/?hl=ja","https://www.facebook.com/sioyoyogiuehara/",,
"モノリ",,"東京都","https://retty.me/area/PRE13/ARE8/SUB805/100000036486/","http://le-monolith.com/",,,
"ジョンティアッシュ",,"東京都","https://retty.me/area/PRE13/ARE14/SUB1404/100000011345/","http://www.gentil-h.com/",,,
"コーダリー",,"東京都","https://retty.me/area/PRE13/ARE9/SUB901/100000716555/","http://restaurant-caudalie.com/",,,
"北島亭",,"東京都","https://retty.me/area/PRE13/ARE6/SUB603/100000020283/",,"https://www.facebook.com/pages/%E5%8C%97%E5%B3%B6%E4%BA%AD/169881676390544",,
"レストラン・ランス・ヤナギダテ",,"東京都","https://retty.me/area/PRE13/ARE23/SUB2302/100000110376/","http://reims.co.jp/",,,
"富士屋ホテル",,"神奈川県","https://retty.me/area/PRE14/ARE30/SUB3002/100000044393/","http://www.fujiyahotel.jp/",,,
"ビクターズ ウェスティンホテル東京",,"東京都","https://retty.me/area/PRE13/ARE7/SUB701/100000007557/","http://www.westin-tokyo.co.jp/restaurant/victors/",,,
"ALLIE",,"東京都","https://retty.me/area/PRE13/ARE14/SUB1405/100001263411/","http://www.allie.red/","https://www.facebook.com/allie0204",,
"Q.E.D.Club",,"東京都","https://retty.me/area/PRE13/ARE7/SUB703/100000036105/","http://www.qed.co.jp/",,,
"ダム・ジャンヌ",,"東京都","https://retty.me/area/PRE13/ARE8/SUB804/100000710266/",,,,
"・ブランシュ",,"東京都","https://retty.me/area/PRE13/ARE8/SUB805/100000045149/",,"https://www.facebook.com/pages/%25E3%2583%25A9%25E3%2583%2596%25E3%2583%25A9%25E3%2583%25B3%25E3%2582%25B7%25E3%2583%25A5/167531310106344",,
"Geroges Marceau",,"福岡県","https://retty.me/area/PRE40/ARE125/SUB12501/100000700027/","http://gm.9syoku.com/",,,
"ルモマ",,"東京都","https://retty.me/area/PRE13/ARE665/SUB2002/100001217164/","http://www.le-moment.jp/",,,
"葉山庵 Tokyo",,"東京都","https://retty.me/area/PRE13/ARE23/SUB2303/100000017791/","http://www.hayamaan.com/tokyo/",,,
"銀座レカ",,"東京都","https://retty.me/area/PRE13/ARE2/SUB201/100000704560/","http://www.lecringinza.co.jp/lecrin/",,,
"モリエール",,"北海道","https://retty.me/area/PRE01/ARE164/SUB16401/100000060759/","http://www.sapporo-moliere.com/",,,
"エルブランシュ",,"東京都","https://retty.me/area/PRE13/ARE14/SUB1405/100000036192/","http://www.aileblanche.info/home.html",,,
"シェ オリビエ",,"東京都","https://retty.me/area/PRE13/ARE6/SUB602/100000062262/",,,,
"SUGALABO",,"東京都","https://retty.me/area/PRE13/ARE14/SUB1405/100001237398/","http://sugalabo.com/",,,
"ブランルージュ 東京ステーションホテル",,"東京都","https://retty.me/area/PRE13/ARE15/SUB1504/100000803616/","http://www.tokyostationhotel.jp/restaurants/pop01.html",,,
"デュオフルシェット",,"東京都","https://retty.me/area/PRE13/ARE1/SUB112/100000067431/","http://www.keioplaza.co.jp/restaurant/duo/index.html",,,
"サンス・エ・サヴール",,"東京都","https://retty.me/area/PRE13/ARE15/SUB1504/100000063718/","http://www.pourcel.jp/sensetsaveurs/",,,
"ビストラン エレネスク",,"東京都","https://retty.me/area/PRE13/ARE14/SUB1405/100000014536/","http://www.rnsq74.com/",,,
"カランドリエ",,"大阪府","https://retty.me/area/PRE27/ARE91/SUB9102/100000014089/","http://www.calendrier1997.com/",,,
"kinoe〜季の恵〜",,"東京都","https://retty.me/area/PRE13/ARE7/SUB701/100001200764/","http://www.localplace.jp/t100060473/",,,
"ルメルシマン オカモト",,"東京都","https://retty.me/area/PRE13/ARE23/SUB2303/100000717595/","http://www.chefokamoto.com/",,,
"Ryoriya Stephan Pantel",,"京都府","https://retty.me/area/PRE26/ARE660/SUB11001/100000876954/","http://www.stephanpantel.com/","https://www.facebook.com/Ryoriya-Stephan-Pantel-483612311649262/",,
"FURUYA augastronome",,"東京都","https://retty.me/area/PRE13/ARE18/SUB1801/100001236042/",,,,
"テール・ド・トリュフ 東京",,"東京都","https://retty.me/area/PRE13/ARE23/SUB2303/100000752929/","http://www.terresdetruffes.jp/",,,
"レストラン　ヒロミチ",,"東京都","https://retty.me/area/PRE13/ARE7/SUB701/100000033871/","http://www.restaurant-hiromichi.com/",,,
"ル・ノルマンディ",,"神奈川県","https://retty.me/area/PRE14/ARE39/SUB3903/100000021410/","http://www.hotel-newgrand.co.jp/",,,
"坂の上レスト",,"東京都","https://retty.me/area/PRE13/ARE6/SUB604/100000064075/","http://sakanoue-restaurant.jp/",,,
"ビストロ エビ",,"東京都","https://retty.me/area/PRE13/ARE7/SUB701/100000008428/","http://www.bistro-yebisu.com/",,,
"ビストロ ダイア",,"愛知県","https://retty.me/area/PRE23/ARE64/SUB6401/100000026048/","http://bistrodia.com/","https://www.facebook.com/BistroDia/posts/2951975014891278",,
"コラージュ コンラッド東京",,"東京都","https://retty.me/area/PRE13/ARE2/SUB1603/100000841621/","http://conradtokyo.co.jp/collage/",,,
"カイレストラン634",,"東京都","https://retty.me/area/PRE13/ARE9/SUB904/100000733905/","http://restaurant.tokyo-skytree.jp/",,,
"L'Octave Hayato KOBAYASHI",,"東京都","https://retty.me/area/PRE13/ARE23/SUB109/100001249234/","http://www.loctave.com/",,,
"アルゴ",,"東京都","https://retty.me/area/PRE13/ARE18/SUB1802/100000002672/","http://www.tojo.co.jp/argo",,,
"トゥールダルジャ",,"東京都","https://retty.me/area/PRE13/ARE18/SUB1802/100000710516/","http://www.newotani.co.jp/tokyo/restaurant/index.html",,,
"ザ・クルーズクラブ東京",,"東京都","https://retty.me/area/PRE13/ARE16/SUB1301/100000033965/","http://cctokyo.co.jp/",,,
"マルゴット エ バッチャーレ",,"東京都","https://retty.me/area/PRE13/ARE14/SUB1402/100001167241/",,"https://www.facebook.com/margottoebaciare/",,
"蔭山樓恵比寿店",,"東京都","https://retty.me/area/PRE13/ARE7/SUB701/100000173246/","http://www.kageyamarou.com/shop/55",,,
"ミクニ マルノウチ",,"東京都","https://retty.me/area/PRE13/ARE15/SUB1504/100000008753/","http://www.mikuni-marunouchi.jp/",,,
"アタゴール",,"東京都","https://retty.me/area/PRE13/ARE10/SUB1003/100000051119/","http://www.atagueule.com/","https://www.facebook.com/%E3%82%A2%E3%82%BF%E3%82%B4%E3%83%BC%E3%83%AB-%E3%82%AA%E3%83%AA%E3%82%A8%E3%83%B3%E3%83%88%E3%82%A8%E3%82%AF%E3%82%B9%E3%83%97%E3%83%AC%E3%82%B9-247950081953384/",,
"セーズ ラ・ポルテ",,"神奈川県","https://retty.me/area/PRE14/ARE37/SUB3101/100000714043/","https://laporte.owst.jp/",,,
"マッシュルーム",,"東京都","https://retty.me/area/PRE13/ARE7/SUB701/100000036604/","http://www.mush.jp/",,,
"レストラン プランデルブ北鎌倉",,"神奈川県","https://retty.me/area/PRE14/ARE34/SUB3401/100000704596/","http://www.pdh.jp/kamakura/index.html",,,
"ル・コック",,"東京都","https://retty.me/area/PRE13/ARE7/SUB701/100000728959/","http://lecoq.co.jp/reserve.html",,,
"ロテスリーレカ",,"東京都","https://retty.me/area/PRE13/ARE2/SUB201/100001185379/","http://www.lecringinza.co.jp/rotisserie/",,,
"ビストロ コティディア",,"東京都","https://retty.me/area/PRE13/ARE14/SUB1405/100000012137/",,,,
"Le　FAVORI　紀尾井町",,"東京都","https://retty.me/area/PRE13/ARE6/SUB603/100001280456/","http://lefavori.jp/",,,
"MASQ",,"東京都","https://retty.me/area/PRE13/ARE2/SUB201/100000455064/","http://www.masq.jp/",,,
"PACHON",,"東京都","https://retty.me/area/PRE13/ARE7/SUB702/100000449287/","http://www.pachon.co.jp/",,,
"トゥーエル",,"東京都","https://retty.me/area/PRE13/ARE6/SUB604/100000053827/","http://www.tourelle.jp/",,,
"横濱元町 霧笛楼",,"神奈川県","https://retty.me/area/PRE14/ARE39/SUB3903/100000698487/","http://www.mutekiro.com/",,,
"ビストロ・ミカミ",,"東京都","https://retty.me/area/PRE13/ARE7/SUB703/100000036004/",,,,
"イルポッツォ ホリイ",,"東京都","https://retty.me/area/PRE13/ARE9/SUB901/100000069993/","http://ilpozzohorii.com/",,,
"デフィ・ジョルジュマルソー",,"福岡県","https://retty.me/area/PRE40/ARE127/SUB12702/100000895204/","http://gm.9syoku.com/defi/",,,
"レストラン ユニック",,"東京都","https://retty.me/area/PRE13/ARE13/SUB704/100000857152/","http://restaurant-unique.jimdo.com/",,,
"・キュイジーヌ・ドゥ・カズ",,"千葉県","https://retty.me/area/PRE12/ARE45/SUB4502/100000513000/","http://www.kazu1999.com/",,,
"祇園おくむら",,"京都府","https://retty.me/area/PRE26/ARE112/SUB11201/100000722809/","https://restaurant-okumura.com/okumura/","https://www.facebook.com/gionokumura/",,
"ツバキ",,"東京都","https://retty.me/area/PRE13/ARE14/SUB1402/100000006652/",,"https://www.facebook.com/pages/%E3%83%84%E3%83%90%E3%82%AD/107047489354499?rf=1040285469322107",,
"シュマ",,"東京都","https://retty.me/area/PRE13/ARE18/SUB1801/100000065754/","http://www.chemins.jp/",,,
"グリグリ",,"東京都","https://retty.me/area/PRE13/ARE14/SUB1405/100000830735/",,"https://www.facebook.com/restaurantgrigri/",,
"プレヴナ",,"東京都","https://retty.me/area/PRE13/ARE23/SUB2303/100000864946/","http://prevenance.biz/",,,
"ザ・ダイニング ルーム 東京インターコンチネンタル",,"東京都","https://retty.me/area/PRE13/ARE16/SUB1301/100000740286/","http://intercontinental-strings.jp/restaurant/the_dining/",,,
"ミクニ ヨコハマ",,"神奈川県","https://retty.me/area/PRE14/ARE38/SUB58702/100000614317/","http://www.mikuni-yokohama.com/index.html",,,
"Restaurat Re",,"東京都","https://retty.me/area/PRE13/ARE7/SUB703/100000881035/","http://narita-yutaka.com/","https://www.facebook.com/RestaurantRe/",,
"ル・マンジュ・トゥー",,"東京都","https://retty.me/area/PRE13/ARE6/SUB604/100000455057/",,,,
"ターブルドプロヴァ",,"福岡県","https://retty.me/area/PRE40/ARE123/SUB12302/100000700489/","http://provence-fukuoka.com/index.html",,,
"・カーヴ・ド・ノア",,"東京都","https://retty.me/area/PRE13/ARE14/SUB1402/100000875228/","http://www.lacavedenoa.com/",,,
"シンフォニー東京湾クルーズ",,"東京都","https://retty.me/area/PRE13/ARE16/SUB1302/100000708769/","http://www.symphony-cruise.co.jp/","https://www.facebook.com/symphony.cruise",,
"シーム",,"大阪府","https://retty.me/area/PRE27/ARE91/SUB9102/100000018548/","http://www.la-cime.com/",,,
"ル プティ レストラン エピ",,"東京都","https://retty.me/area/PRE13/ARE7/SUB701/100000173035/","http://www.0124epi.com/",,,
"ビストロヴィヴィエンヌ",,"東京都","https://retty.me/area/PRE13/ARE2/SUB201/100000043834/",,,,
"オステルリースズキ",,"東京都","https://retty.me/area/PRE13/ARE18/SUB1801/100000006559/","http://www.hos-suzuki.com/",,,
"アルテリーベ",,"神奈川県","https://retty.me/area/PRE14/ARE39/SUB3902/100000007864/","http://www.alteliebe.co.jp/yokohama/",,,
"ビストロチカ",,"東京都","https://retty.me/area/PRE13/ARE18/SUB1803/100000005411/",,"https://www.facebook.com/bistro.chikara/",,
"オオハラ エ シーアイイー",,"東京都","https://retty.me/area/PRE13/ARE14/SUB1402/100000045407/","http://ohara-et-cie.com/",,,
"コートドール",,"北海道","https://retty.me/area/PRE01/ARE164/SUB16401/100000069520/","http://www.restaurant-cotedor.com/",,,
"サロン・ド・シャンパーニュ ヴィオニ",,"東京都","https://retty.me/area/PRE13/ARE2/SUB201/100000008630/","https://vionys-official.com/","https://www.facebook.com/Champagne.Vionys",,
"GINTO ZOE銀座店",,"東京都","https://retty.me/area/PRE13/ARE2/SUB201/100000704597/","https://www.gin-to.jp/",,,
"帝国ホテル 東京",,"東京都","https://retty.me/area/PRE13/ARE2/SUB202/100000001123/","http://www.imperialhotel.co.jp/",,,
"トリニテ",,"東京都","https://retty.me/area/PRE13/ARE23/SUB2303/100000061067/",,,,
"ハジメ",,"大阪府","https://retty.me/area/PRE27/ARE91/SUB9103/100000709380/","http://www.hajime-artistes.com/","https://www.facebook.com/%EF%BC%A8ajime-Restaurant-188497604614988/",,
"綱町三井倶楽部",,"東京都","https://retty.me/area/PRE13/ARE14/SUB1405/100000046382/","http://www.tsunamachimitsuiclub.co.jp/",,,
"・フェットひらまつ 大阪・中之島",,"大阪府","https://retty.me/area/PRE27/ARE91/SUB9103/100000746995/","http://www.hiramatsu.jp/lafete/",,,
"マノワール・ディノ",,"東京都","https://retty.me/area/PRE13/ARE8/SUB805/100000006259/","http://www.manoirdinno.com/",,,
"オー・グルマ",,"東京都","https://retty.me/area/PRE13/ARE14/SUB1405/100000706867/","http://aux-gourmands.jp/",,,
"シェット・ブランシュ",,"東京都","https://retty.me/area/PRE13/ARE14/SUB1404/100000165232/",,"https://www.facebook.com/pages/%25E3%2583%25A9%25E3%2582%25B7%25E3%2582%25A7%25E3%2583%2583%25E3%2583%2588%25E3%2583%2596%25E3%2583%25A9%25E3%2583%25B3%25E3%2582%25B7%25E3%2583%25A5/215532265130514",,
"MOTIF RESTAURANT & BAR",,"東京都","https://retty.me/area/PRE13/ARE15/SUB1504/100001284584/","http://motiftokyo.com/",,,
"La Lune",,"東京都","https://retty.me/area/PRE13/ARE14/SUB1405/100000015062/","http://www.la-lune.net/",,,
"レストラン コバヤシ",,"東京都","https://retty.me/area/PRE13/ARE17/SUB1703/100000026905/","http://hard-play-hard-rk.com/",,,
"Hiroya",,"東京都","https://retty.me/area/PRE13/ARE23/SUB2303/100000853551/",,"https://www.facebook.com/hiroya2013/?rf=378335985627883",,
"エルルカン・ビ",,"神奈川県","https://retty.me/area/PRE14/ARE30/SUB57403/100000032918/","http://herlequin.com/",,,
"ドミニク・ブシェ トーキョー",,"東京都","https://retty.me/area/PRE13/ARE2/SUB201/100001225186/","http://www.dominique-bouchet.jp/",,,
"レヴォ リバーリトリート雅樂倶",,"富山県","https://retty.me/area/PRE16/ARE156/SUB15601/100001127233/","http://levo.toyama.jp/",,,
"ブリーズ ヴェール ザ・プリンス パークタワー東京",,"東京都","https://retty.me/area/PRE13/ARE16/SUB1602/100000708071/","http://www.princehotels.co.jp/parktower/restaurant/brise/index.html",,,
"祇園 MAVO",,"京都府","https://retty.me/area/PRE26/ARE112/SUB11201/100001161179/","http://cuisinelamatiere.wix.com/mavo","https://www.facebook.com/mavo.gion/",,
"ヴァリノール",,"東京都","https://retty.me/area/PRE13/ARE663/SUB1205/100000051357/",,,,
"ビストロノブ",,"東京都","https://retty.me/area/PRE13/ARE22/SUB2202/100001067386/","http://bistrotnobu.monkut.webfactional.com/",,,
"結喜菜",,"東京都","https://retty.me/area/PRE13/ARE6/SUB604/100001221488/","http://yukina-kagurazaka.jp/",,,
"かみくら",,"東京都","https://retty.me/area/PRE13/ARE6/SUB604/100000454229/","http://www.kamikura.info/",,,
"ル プティ・ブド",,"東京都","https://retty.me/area/PRE13/ARE7/SUB702/100000005740/","http://www.pachon.co.jp/jpn/petit_bedon/index.html",,,
"cogito",,"東京都","https://retty.me/area/PRE13/ARE14/SUB1402/100000716605/","http://www.rondpoint.jp/index.html","https://www.facebook.com/cogito.jp",,
"エルミタージュ ドゥ タム",,"長野県","https://retty.me/area/PRE20/ARE227/SUB22702/100000699619/","http://www.ryoubi.jp/",,,
"ザ・レギャン・トーキョー",,"東京都","https://retty.me/area/PRE13/ARE8/SUB805/100000704317/","http://www.legian.jp/top.html",,,
"ジュネ",,"東京都","https://retty.me/area/PRE13/ARE7/SUB702/100000056408/","http://www.lajeunesse.jp/",,,
"クラブ33",,"千葉県","https://retty.me/area/PRE12/ARE43/SUB4301/100000029311/",,,,
"レストラン タニ",,"東京都","https://retty.me/area/PRE13/ARE23/SUB2303/100000697049/",,,,
"シャッ",,"東京都","https://retty.me/area/PRE13/ARE14/SUB1401/100000013489/","http://la-chasse.org/default.htm",,,
"・ベ ザ・リッツ・カールトン大阪",,"大阪府","https://retty.me/area/PRE27/ARE89/SUB8901/100000051729/","http://www.ritz-carlton.co.jp/",,,
"・ロシェル 南青山",,"東京都","https://retty.me/area/PRE13/ARE23/SUB2303/100000064619/","http://www.la-rochelle-may.com/",,,
"村上開新堂",,"東京都","https://retty.me/area/PRE13/ARE18/SUB1802/100000035713/","http://www.kaishindo.co.jp/",,,
"ビストロ・サン・ル・スー",,"東京都","https://retty.me/area/PRE13/ARE663/SUB1205/100000117805/",,,,
"アマントウキョウダイニング",,"東京都","https://retty.me/area/PRE13/ARE15/SUB1504/100001211097/","https://www.aman.com/ja-jp/resorts/aman-tokyo/the-restaurant-by-aman",,,
"レストラン アニ",,"東京都","https://retty.me/area/PRE13/ARE22/SUB107/100000839318/","http://restaurant-anis.jp/","https://www.facebook.com/RestaurantAnis",,
"ル・ヴァンキャトル",,"東京都","https://retty.me/area/PRE13/ARE661/SUB502/100000816895/","http://www.le-vinquatre.jp/",,,
"クッキアイノ",,"東京都","https://retty.me/area/PRE13/ARE2/SUB201/100000454478/","http://cucchiaino.net./","https://www.facebook.com/cucchiaino.ginza/",,
"ロドラント ミノルナキジ",,"東京都","https://retty.me/area/PRE13/ARE2/SUB201/100000001232/","http://www.odorantes.net/",,,
"レンチレストラン ラ クレリエール",,"東京都","https://retty.me/area/PRE13/ARE14/SUB1404/100001277120/","https://www.la-clairiere.tokyo/open/","https://www.facebook.com/Laclairiere/",,
"・ロシェル 山王",,"東京都","https://retty.me/area/PRE13/ARE18/SUB1802/100000040139/","http://www.la-rochelle-san.com/",,,
"メゾン・ド・スリジェ",,"東京都","https://retty.me/area/PRE13/ARE7/SUB702/100000005101/","http://www.m-cerisier.com/",,,
"レストランローブ",,"東京都","https://retty.me/area/PRE13/ARE14/SUB1405/100001290056/","http://www.restaurant-laube.com/","https://www.facebook.com/laube.tokyo/?ref=py_c",,
"アンテリブル",,"東京都","https://retty.me/area/PRE13/ARE2/SUB201/100000033714/","http://en.terrible.jp/",,,
"白山文雅",,"佐賀県","https://retty.me/area/PRE41/ARE140/SUB14001/100000709014/","http://shop.sagafan.com/shirayamabunga/",,,
"ミクニナゴヤ",,"愛知県","https://retty.me/area/PRE23/ARE61/SUB6101/100000720711/","http://www.associa.com/nma/",,,
"・メール ザ クラシック 志摩観光ホテル",,"三重県","https://retty.me/area/PRE24/ARE234/SUB40702/100000718908/","https://www.miyakohotels.ne.jp/shima-classic/restaurant/index.html/",,,
"ビストロ アンバロ",,"東京都","https://retty.me/area/PRE13/ARE14/SUB1402/100000007954/","http://www.bistroenballon.com/","https://www.facebook.com/Bistro-en-Ballon-133940099989275/",,
"レンチ モンスター",,"東京都","https://retty.me/area/PRE13/ARE14/SUB1402/100001252568/","http://www.frenchmonstar.com/",,,
"Bistro Jitan",,"東京都","https://retty.me/area/PRE13/ARE17/SUB1701/100000016805/","https://jitankinshicho.gorp.jp/","https://www.facebook.com/bistro.jitan",,
"336 ébisu",,"東京都","https://retty.me/area/PRE13/ARE14/SUB1404/100001308531/","https://www.336ebisu.com/","https://www.facebook.com/336-%25C3%25A9bisu-1164937016883030/?ref=py_c",,
"コム ア ラ メゾ",,"東京都","https://retty.me/area/PRE13/ARE18/SUB1801/100000030687/",,,,
"シャルキュ",,"東京都","https://retty.me/area/PRE13/ARE18/SUB1803/100000793032/","http://charcut.exblog.jp/","https://www.facebook.com/%E3%82%B7%E3%83%A3%E3%83%AB%E3%82%AD%E3%83%A5-Charcut-461827067223192/",,
"エパヌイ",,"東京都","https://retty.me/area/PRE13/ARE14/SUB1403/100000051751/","http://epanoui.net/home.htm",,,
"Restaurant つじ川",,"大阪府","https://retty.me/area/PRE27/ARE94/SUB9403/100000927955/",,"https://www.facebook.com/Restaurant-%E3%81%A4%E3%81%98%E5%B7%9D-269986189841097/",,
"ル ニコ ア オーミナミ",,"神奈川県","https://retty.me/area/PRE14/ARE34/SUB31302/100000774284/","http://le-nico-a-ominami.com/",,,
"トゥ・ラ・ジョア",,"愛知県","https://retty.me/area/PRE23/ARE65/SUB6501/100000026046/",,,,
"エスペ",,"東京都","https://retty.me/area/PRE13/ARE14/SUB1402/100000083475/",,,,
"釜津田",,"東京都","https://retty.me/area/PRE13/ARE14/SUB1405/100001192420/","https://www.kamatsuda.jp/",,,
"ル シエール",,"神奈川県","https://retty.me/area/PRE14/ARE39/SUB3901/100000055584/","http://www.yrph.com/rest/leciel/",,,
"・グランターブル・ドゥ・キタム",,"愛知県","https://retty.me/area/PRE23/ARE64/SUB6403/100000051846/","http://french-kitamura.jp/",,,
"東京ヴァンテアンクルーズ 船上レスト",,"東京都","https://retty.me/area/PRE13/ARE16/SUB1302/100000088377/","http://www.vantean.co.jp/",,,
"鉄板焼 織部",,"東京都","https://retty.me/area/PRE13/ARE14/SUB1401/100000001428/","http://www.teppanyaki-oribe.com/",,,
"壺中天",,"愛知県","https://retty.me/area/PRE23/ARE64/SUB6403/100000082880/","http://www.kochuten.co.jp/",,,
"セレブール",,"東京都","https://retty.me/area/PRE13/ARE18/SUB1801/100000001776/","http://celebourg.com/celebourg/cuisine.html",,,
"ドゥーアール",,"東京都","https://retty.me/area/PRE13/ARE23/SUB2302/100000697029/","http://www.deux-art.com/",,,
"アジュール",,"神奈川県","https://retty.me/area/PRE14/ARE39/SUB3901/100000704813/",,,,
"ICI",,"東京都","https://retty.me/area/PRE13/ARE7/SUB701/100001249519/","http://ici-tokyo.jp/",,,
"クラシカ表参道",,"東京都","https://retty.me/area/PRE13/ARE23/SUB2302/100001171664/","http://www.classicaomotesando.jp/restaurant/pomegranate/",,,
"トロワフレーシュ",,"東京都","https://retty.me/area/PRE13/ARE2/SUB201/100000040460/","http://www.trois-fleches.com/",,,
"TERAKOYA",,"東京都","https://retty.me/area/PRE13/ARE4/SUB401/100000005793/","http://www.res-terakoya.co.jp/",,,
"デジーノ",,"東京都","https://retty.me/area/PRE13/ARE6/SUB604/100000051828/",,"https://www.facebook.com/pages/%E3%83%87%E3%82%B8%E3%83%BC%E3%83%8E/192124057564703",,
"リベルタ",,"大阪府","https://retty.me/area/PRE27/ARE89/SUB8905/100000830259/",,"https://www.facebook.com/RestaurantLibertas/",,
"イレール 人形町",,"東京都","https://retty.me/area/PRE13/ARE10/SUB1001/100000835766/","http://www.irreel.jp/","https://www.facebook.com/irreelningyocho",,
"モダンビストロ タワーズ ザ・リッツ・カールトン東京",,"東京都","https://retty.me/area/PRE13/ARE14/SUB1401/100001267748/","http://www.ritz-carlton.jp/restaurant/towers_grill/",,,
"レミニセ",,"愛知県","https://retty.me/area/PRE23/ARE63/SUB6305/100001234817/","http://www.reminiscence0723.com/",,,
"メゾン ドゥ グラシアニ 神戸北野",,"兵庫県","https://retty.me/area/PRE28/ARE98/SUB9904/100000830188/","http://www.graciani-kobe.jp/",,,
"パリの朝市池袋店",,"東京都","https://retty.me/area/PRE13/ARE662/SUB66201/100000120112/","http://www.pariasa.com/","https://www.facebook.com/ikepari?fref=nf",,
"シェ フルール 横濱",,"神奈川県","https://retty.me/area/PRE14/ARE38/SUB3801/100000007173/","http://www.chaifleurs.net/",,,
"Les Alshimistes",,"東京都","https://retty.me/area/PRE13/ARE14/SUB1404/100000036149/","http://alchimiste.jp/",,,
"サンジャンピエドポー",,"東京都","https://retty.me/area/PRE13/ARE8/SUB805/100000809859/","http://home.s01.itscom.net/st-j-p-p/",,,
"ツキ シュール ラメール",,"東京都","https://retty.me/area/PRE13/ARE16/SUB1302/100000700164/","http://www.tsukisurlamer.com/",,,
"レンチキュイジーヌ レストラン オザミ",,"東京都","https://retty.me/area/PRE13/ARE2/SUB201/100001280530/","https://auxamis.com/c/news/6988.html",,,
"・クール・ド・コンマ",,"東京都","https://retty.me/area/PRE13/ARE16/SUB1301/100001237120/","http://lacour.wpblog.jp/",,,
"レストランセ",,"東京都","https://retty.me/area/PRE13/ARE6/SUB602/100000770955/",,,,
"Restaurant Varie",,"大阪府","https://retty.me/area/PRE27/ARE91/SUB9103/100000736077/","http://www.restaurant-varier.com/","https://www.facebook.com/%E3%83%AC%E3%82%B9%E3%83%88%E3%83%A9%E3%83%B3-%E3%83%B4%E3%82%A1%E3%83%AA%E3%82%A8-Restaurant-Varier-1614209372148455/",,
"オーベルジュ・ド・リル ナゴヤ",,"愛知県","https://retty.me/area/PRE23/ARE61/SUB6101/100000121091/","http://www.haeberlin.jp/aubergedelill-nagoya/",,,
"Convivialite",,"大阪府","https://retty.me/area/PRE27/ARE94/SUB9402/100000740597/","http://www.convivialite.info/",,,
"レストラン シャンボール",,"大阪府","https://retty.me/area/PRE27/ARE91/SUB9103/100000707277/","http://www.rihga.co.jp/osaka/restaurant/list/chambord/index.html",,,
"サロンドグー",,"東京都","https://retty.me/area/PRE13/ARE14/SUB1402/100000030913/",,,,
"ゴーシェ",,"東京都","https://retty.me/area/PRE13/ARE14/SUB1401/100001194460/","http://gaucher.amj-cms001.com/","https://www.facebook.com/gaucher.c.g/",,
"Wine Bar ぶしょん",,"東京都","https://retty.me/area/PRE13/ARE2/SUB201/100000068205/",,"https://www.facebook.com/pages/%25E9%258A%2580%25E5%25BA%25A75913-wine-ber-%25E3%2581%25B6%25E3%2581%2597%25E3%2582%2587%25E3%2582%2593/378648945556712",,
"ザ・フジヤ",,"神奈川県","https://retty.me/area/PRE14/ARE30/SUB3002/100000055966/","http://www.fujiyahotel.jp/restaurant/thefujiya/index.html",,,
"ブラッセリー トモ",,"東京都","https://retty.me/area/PRE13/ARE14/SUB1405/100000005297/","http://www.brasserietomo.com/",,,
"葉山ホテル音羽の森　潮幸",,"神奈川県","https://retty.me/area/PRE14/ARE40/SUB4001/100000727795/",,,,
"プティ・マルシェ",,"東京都","https://retty.me/area/PRE13/ARE665/SUB2001/100000529732/","http://www.petitmarche.info/",,,
"ル・コントワール・ドゥ・レジオ",,"東京都","https://retty.me/area/PRE13/ARE21/SUB2101/100000742207/","http://www.le-comptoir-des-regions.com/","https://www.facebook.com/%E3%83%AB%E3%82%B3%E3%83%B3%E3%83%88%E3%83%AF%E3%83%BC%E3%83%AB%E3%83%89%E3%82%A5%E3%83%AC%E3%82%B8%E3%82%AA%E3%83%B3-598001886896053/",,
"芦屋フレンチ北じま",,"兵庫県","https://retty.me/area/PRE28/ARE103/SUB10302/100000077850/","http://ashiya-kitajima.jp/",,,
"ォレスト",,"東京都","https://retty.me/area/PRE13/ARE665/SUB2001/100001247525/","http://www.r-forest.com/",,,
"四間道レストランMATSUURA",,"愛知県","https://retty.me/area/PRE23/ARE62/SUB6202/100001156501/","http://www.shikemichi.jp/",,,
"ビストロ 白樺",,"東京都","https://retty.me/area/PRE13/ARE7/SUB702/100000718892/","http://bistro-shirakaba.jimdo.com/",,,
"笄町 Salone",,"東京都","https://retty.me/area/PRE13/ARE14/SUB1402/100000060018/","http://www.kogaicho-salone.com/reserve.html",,,
"Le joujou",,"東京都","https://retty.me/area/PRE13/ARE665/SUB2001/100000882102/",,,,
"ウタカタ",,"東京都","https://retty.me/area/PRE13/ARE14/SUB1402/100000001831/",,,,
"ミクニ サッポロ",,"北海道","https://retty.me/area/PRE01/ARE164/SUB43803/100000722745/","https://www.jrhotels.co.jp/tower/restaurant/mikuni/",,,
"モトイ",,"京都府","https://retty.me/area/PRE26/ARE657/SUB10904/100000715265/","http://kyoto-motoi.com/","https://www.facebook.com/MOTO%C3%8F-1402241099995209/",,
"古我邸",,"神奈川県","https://retty.me/area/PRE14/ARE34/SUB3401/100001214151/","https://kamakura-koga.com/",,,
"リストランテ シルベラード",,"東京都","https://retty.me/area/PRE13/ARE2/SUB201/100000030254/","http://www.restaurantsilverado.jp/",,,
"・サンテ",,"北海道","https://retty.me/area/PRE01/ARE164/SUB16401/100000718521/","http://www.la-sante.jp/",,,
"オレキ",,"東京都","https://retty.me/area/PRE13/ARE14/SUB1404/100000037891/","http://www.orexis.co.jp/",,,
"レストランドンピエール 銀座本店",,"東京都","https://retty.me/area/PRE13/ARE2/SUB201/100000000391/","http://dompierre.jp/ginza/",,,
"Cast78",,"東京都","https://retty.me/area/PRE13/ARE14/SUB1405/100000004551/","http://cast78.jp/",,,
"リュミエール",,"大阪府","https://retty.me/area/PRE27/ARE94/SUB9401/100000049568/","http://www.k-coeur.com/","https://www.facebook.com/lumiere.since2006/",,
"ヒカリヤ ニシ",,"長野県","https://retty.me/area/PRE20/ARE273/SUB27301/100000453237/","http://www.hikari-ya.com/",,,
"レストラン フェメゾ",,"東京都","https://retty.me/area/PRE13/ARE16/SUB1301/100001236811/","http://faitmaison.jp/restaurant/",,,
"LABO",,"東京都","https://retty.me/area/PRE13/ARE8/SUB804/100000479128/","http://labo-shibuya.com/labo/",,,
"ル・ブショ",,"東京都","https://retty.me/area/PRE13/ARE10/SUB1001/100000082765/",,,,
"日比谷パレ",,"東京都","https://retty.me/area/PRE13/ARE2/SUB202/100000065791/","http://www.hibiyapalace.co.jp/",,,
"・ベル・エポック",,"東京都","https://retty.me/area/PRE13/ARE18/SUB1803/100000056570/","http://www.hotelokura.co.jp/tokyo/restaurant/index.html",,,
"Dining & Bar TENQOO ホテルメトロポリタン丸の内",,"東京都","https://retty.me/area/PRE13/ARE15/SUB1504/100000014672/","https://marunouchi.metropolitan.jp/restaurant/list/tenqoo/index.html","https://www.facebook.com/hotelmetropolitanmarunouchi/",,
"セパージュ 名古屋店",,"愛知県","https://retty.me/area/PRE23/ARE61/SUB6101/100000042887/","http://www.cepages-nagoya.jp/",,,
"ピエール　インターコンチネンタルホテル大阪",,"大阪府","https://retty.me/area/PRE27/ARE89/SUB8901/100000928590/","http://www.icosaka.com/restaurant/pierre.php",,,
"アーム・ドゥ・ギャルソ",,"京都府","https://retty.me/area/PRE26/ARE660/SUB11001/100000039079/",,,,
"オーベルジュ・ド・リル　サッポロ",,"北海道","https://retty.me/area/PRE01/ARE164/SUB16401/100000452895/","http://www.hiramatsu.jp/baerenthal/",,,
"アーティショー",,"東京都","https://retty.me/area/PRE13/ARE7/SUB701/100000715784/","http://www.artichaut-ebisu.com/",,,
"ユニック",,"大阪府","https://retty.me/area/PRE27/ARE91/SUB9104/100000030165/","http://www.unique-french.com/",,,
"ル・ジャルダン・デ・サヴール",,"東京都","https://retty.me/area/PRE13/ARE2/SUB201/100000082763/","http://le-jardin-des-saveurs.jp/",,,
"邸宅レストラン　ル・ア",,"兵庫県","https://retty.me/area/PRE28/ARE99/SUB10101/100000814427/","http://www.vizcaya.jp/restaurant/",,,
"The 30th Restaurant",,"東京都","https://retty.me/area/PRE13/ARE20/SUB2004/100001265744/",,,,
"嵐山MITATE",,"京都府","https://retty.me/area/PRE26/ARE114/SUB11401/100001214538/","http://www.arashiyama-mitate.com/",,,
"アニオ",,"福岡県","https://retty.me/area/PRE40/ARE122/SUB12201/100000004414/","http://aignon.com/",,,
"Chi-Fu",,"大阪府","https://retty.me/area/PRE27/ARE92/SUB9201/100000045767/","http://www.bi-fun.co.jp/",,,
"メゾン・ド・ヴァン鶉亭",,"京都府","https://retty.me/area/PRE26/ARE108/SUB10802/100000047665/","http://www.caille.jp/",,,
"Élan-エラン MIYAMOTO",,"東京都","https://retty.me/area/PRE13/ARE7/SUB701/100001272382/","http://ideya-miyamoto.jp/","https://www.facebook.com/Elan.MIYAMOTO/",,
"アルピーノ",,"埼玉県","https://retty.me/area/PRE11/ARE53/SUB5302/100000451251/","http://www.alpino.co.jp/alpino/",,,
"オーグードゥジュール メルヴェイユ博多",,"福岡県","https://retty.me/area/PRE40/ARE126/SUB12601/100000748682/","http://www.augoutdujour-group.com/meh/index.html","https://www.facebook.com/augoutdujourmerveillehakata/",,
"ベラ・ルーサ Bella Rusa",,"千葉県","https://retty.me/area/PRE12/ARE45/SUB4503/100000818287/",,,,
"ビストロ・ド・ラ・シテ",,"東京都","https://retty.me/area/PRE13/ARE14/SUB1402/100000497647/","http://www.sixarbres.com/bistrot/info.htm",,,
"山手十番館",,"神奈川県","https://retty.me/area/PRE14/ARE39/SUB58806/100000013212/","http://www.yokohama-jyubankan.co.jp/yamate/",,,
"ナツルキョウトカモガワリゾート",,"京都府","https://retty.me/area/PRE26/ARE108/SUB10802/100001185871/","http://www.funatsuru.com/",,,
"ルブト",,"東京都","https://retty.me/area/PRE13/ARE14/SUB1402/100000826756/","http://www.lebouton.jp/","https://www.facebook.com/LeBoutonJapon/",,
"オーベルジュ・ドゥ・オオイシ",,"香川県","https://retty.me/area/PRE37/ARE146/SUB14601/100000700454/","http://www.auberge-de-oishi.jp/",,,
"哥利歐",,"東京都","https://retty.me/area/PRE13/ARE2/SUB201/100000022578/","http://www.aragawa.jp/gorio",,,
"Le japon",,"東京都","https://retty.me/area/PRE13/ARE7/SUB702/100000036657/","http://le-japon.info/","https://www.facebook.com/RestaurantLejapon",,
"キハチ 名古屋 JRセントラルタワーズ",,"愛知県","https://retty.me/area/PRE23/ARE61/SUB6101/100000758868/","http://www.kihachi.jp/",,,
"アドック",,"大阪府","https://retty.me/area/PRE27/ARE618/SUB8903/100001169383/","http://adhoc2014.jp/",,,
"パティナステ",,"東京都","https://retty.me/area/PRE13/ARE664/SUB111/100000845689/","http://patinastella.com/",,,
"Difference",,"大阪府","https://retty.me/area/PRE27/ARE91/SUB9102/100000836076/","http://difference.upper.jp/","https://www.facebook.com/difference.ciel",,
"万平ホテル メインダイニングルーム",,"長野県","https://retty.me/area/PRE20/ARE227/SUB22702/100000732380/","http://www.mampei.co.jp/",,,
"ルセット",,"兵庫県","https://retty.me/area/PRE28/ARE98/SUB9904/100000045777/","http://recette.jp/",,,
"ル・プティ・トノー 虎ノ門店",,"東京都","https://retty.me/area/PRE13/ARE18/SUB1803/100000021569/","http://www.petitonneau.com/",,,
"日光金谷ホテル　メインダイニングルーム",,"栃木県","https://retty.me/area/PRE09/ARE269/SUB26901/100000837615/","http://www.kanayahotel.co.jp/nkh/restaurant/dining/index.html",,,
"ル カネト",,"大阪府","https://retty.me/area/PRE27/ARE96/SUB9602/100000730518/","http://www.le-caneton.com/",,,
"鳴神",,"東京都","https://retty.me/area/PRE13/ARE23/SUB2303/100001157790/","http://www.restaurant-narukami.com/index.html",,,
"ジ・オリエンタルテラス トリゼ",,"静岡県","https://retty.me/area/PRE22/ARE79/SUB33303/100000703918/","http://www.torizen.co.jp/","https://www.facebook.com/THEORIENTALTERRACE/",,
"御影 ジュエンヌ",,"兵庫県","https://retty.me/area/PRE28/ARE100/SUB10004/100000053269/","http://juenne.com/",,,
"エッサンシエル",,"大阪府","https://retty.me/area/PRE27/ARE91/SUB9104/100000740472/","http://www.essentiel.jp/",,,
"オーベルジュ ド プリマヴェー",,"長野県","https://retty.me/area/PRE20/ARE227/SUB22702/100000729821/","http://www.karuizawa-primavera.com/",,,
"ルコネッサ",,"愛知県","https://retty.me/area/PRE23/ARE65/SUB6501/100000822695/","http://www.reconnaissance-nagoya.com/",,,
"Vin de Reve",,"東京都","https://retty.me/area/PRE13/ARE2/SUB201/100000038399/","http://www.vin-de-reve.com/",,,
"オトワ レスト",,"栃木県","https://retty.me/area/PRE09/ARE59/SUB5901/100000013697/","http://otowa-artisan.co.jp/",,,
"銀座 Miyagawa",,"東京都","https://retty.me/area/PRE13/ARE2/SUB201/100000065785/",,,,
"和風フレンチ ichiRyu",,"東京都","https://retty.me/area/PRE13/ARE14/SUB1405/100000771487/","https://www.ichiryu-world.com/",,,
"クルーズクルーズ THE GINZA",,"東京都","https://retty.me/area/PRE13/ARE2/SUB201/100000085383/","http://www.ginza-cruise.co.jp/",,,
"八芳園",,"東京都","https://retty.me/area/PRE13/ARE14/SUB1404/100000003634/","http://www.happo-en.com/",,,
"・ミニョネット",,"東京都","https://retty.me/area/PRE13/ARE15/SUB1501/100000882081/","http://mignonnette.kecj.jp/",,,
"弘屋",,"大阪府","https://retty.me/area/PRE27/ARE89/SUB8902/100000040747/","http://ko-ya.com/index.php",,,
"グランファミーユ・シェ松尾 成城コルティ店",,"東京都","https://retty.me/area/PRE13/ARE664/SUB2204/100000051485/","http://www.chez-matsuo.co.jp/",,,
"ミッシェルナカジマ",,"神奈川県","https://retty.me/area/PRE14/ARE34/SUB3401/100000453806/","http://michel-nakajima.com/index.html/",,,
"シーフードレストラン TSUKIMISO 月見草",,"東京都","https://retty.me/area/PRE13/ARE9/SUB902/100000099634/","http://asa-kusa.jp/",,,
"ル ポトローズ",,"東京都","https://retty.me/area/PRE13/ARE14/SUB1405/100000734490/","http://www.le-potauxroses.jp/",,,
"カンロ",,"大阪府","https://retty.me/area/PRE27/ARE92/SUB9202/100000847340/","http://www.lakanro.jp/#wall","https://www.facebook.com/LaKanro/",,
"レストラン　パフューム",,"東京都","https://retty.me/area/PRE13/ARE13/SUB1303/100000867276/","http://lesperfumes.com/",,,
"ポンドール・イノ",,"東京都","https://retty.me/area/PRE13/ARE15/SUB1503/100000794238/","http://www.pontdorinno.com/",,,
"ル・ジャンティオム",,"北海道","https://retty.me/area/PRE01/ARE164/SUB43804/100000069530/","http://www.le-gentilhomme.com/",,,
"コック アジル",,"104","https://retty.me/area/PRE13/ARE2/SUB201/100000104948/","http://https//ginza-mishou.com/",,,
"レストラン シェ ヒャクタケ",,"神奈川県","https://retty.me/area/PRE14/ARE34/SUB31302/100000032921/","http://syonan-style.com/chez_hyakutake/",,,
"シェ草間",,"長野県","https://retty.me/area/PRE20/ARE227/SUB22702/100000049678/","http://www.chez-kusama.com/index.html",,,
"レギューム",,"東京都","https://retty.me/area/PRE13/ARE14/SUB1403/100000745160/",,"https://www.facebook.com/LEGUME-%25E3%2583%25AC%25E3%2582%25AE%25E3%2583%25A5%25E3%2583%25BC%25E3%2583%25A0-401065243277181/",,
"レ ゼール デ カー",,"東京都","https://retty.me/area/PRE13/ARE6/SUB601/100000806613/","http://www.les-ailes.com/",,,
"オールデイダイニング ハーモニー ザ ロイヤルパークホテル アイコニック 東京汐留",,"東京都","https://retty.me/area/PRE13/ARE2/SUB1603/100000010228/","https://www.the-royalpark.jp/the/tokyoshiodome/restaurant/harmony/",,,
"レストランMAY",,"東京都","https://retty.me/area/PRE13/ARE13/SUB1303/100001156562/","http://www.may-iwata.jp/","https://www.facebook.com/restaurantmay/",,
"カフェ カリフォルニア",,"東京都","https://retty.me/area/PRE13/ARE14/SUB1404/100000002883/","http://www.miyakohotels.ne.jp/tokyo/index.html/",,,
"レストランアンドバーシー",,"東京都","https://retty.me/area/PRE13/ARE3/SUB302/100000136800/","http://www.hachioji-scene.com/",,,
"グナヴェール PREMIER",,"大阪府","https://retty.me/area/PRE27/ARE89/SUB8901/100000020992/","http://premier.lagunaveil.com/restaurant/",,,
"・ヴォワール",,"埼玉県","https://retty.me/area/PRE11/ARE51/SUB5101/100001182042/","http://www.lavoile.jp/",,,
"・ヴァガボンド",,"愛知県","https://retty.me/area/PRE23/ARE65/SUB6502/100000014273/",,,,
"レストランヴァンセット",,"東京都","https://retty.me/area/PRE13/ARE3/SUB301/100000035729/","http://www.sprasia.com/tv/user/vanset/vanset",,,
"AKI NAGAO",,"北海道","https://retty.me/area/PRE01/ARE164/SUB43804/100000774227/","http://www.aki-nagao.com/","https://www.facebook.com/pages/biz/french_restaurant-%E5%8C%97%E6%B5%B7%E9%81%93-%E6%9C%AD%E5%B9%8C%E5%B8%82/AKI-NAGAO-500577223332635/",,
"ポム・ダダン　丸ノ内ホテル",,"東京都","https://retty.me/area/PRE13/ARE15/SUB1504/100000450477/","https://www.marunouchi-hotel.co.jp/",,,
"リストランテ ル・ミディ ひらまつ",,"大阪府","https://retty.me/area/PRE27/ARE89/SUB8901/100001167969/","http://www.hiramatsu.jp/lemidi/",,,
"ノーザンテラスダイナー 札幌グランドホテル",,"北海道","https://retty.me/area/PRE01/ARE164/SUB43802/100000829208/","https://grand1934.com/restaurant/northern-terrace-diner/","https://www.facebook.com/grand1934/",,
"レンチビストロ 　ル・ドール",,"大阪府","https://retty.me/area/PRE27/ARE91/SUB9102/100001202134/","http://www.stregisosaka.co.jp/jp/ruedor",,,
"ノーワンズレシピ ホテルブレストンコート",,"長野県","https://retty.me/area/PRE20/ARE227/SUB22702/100000718498/","http://www.blestoncourt.com/restaurant/",,,
"メゾンドアッシュエム",,"神奈川県","https://retty.me/area/PRE14/ARE34/SUB31303/100000001681/","http://www.b-h-m.com/",,,
"アルカショ",,"東京都","https://retty.me/area/PRE13/ARE13/SUB704/100000015006/",,,,
"・テラス イリゼ",,"奈良県","https://retty.me/area/PRE29/ARE120/SUB12001/100000050111/","http://laterrasse.jp/irisee/",,,
"サル・キッチ",,"東京都","https://retty.me/area/PRE13/ARE12/SUB1201/100000453047/","http://lasalle-cuisine.dreamblog.jp/",,,
"ツシミ",,"東京都","https://retty.me/area/PRE13/ARE8/SUB804/100000040757/","http://www.tsushimi.com/index.html",,,
"レストラン ZK 大阪マリオット都ホテル",,"大阪府","https://retty.me/area/PRE27/ARE97/SUB9701/100000877528/","http://www.miyakohotels.ne.jp/osaka-m-miyako/restaurant/57/index.html/",,,
"ブラッスリー ギョ",,"東京都","https://retty.me/area/PRE13/ARE10/SUB1002/100001226045/","http://gyoran.com/","https://www.facebook.com/Brasserie-Gyoran-191318827659129/",,
"ダン ル シエル",,"大阪府","https://retty.me/area/PRE27/ARE90/SUB9001/100000041973/","http://ciel.siw.jp/",,,
"レストラン ひらまつ 博多",,"福岡県","https://retty.me/area/PRE40/ARE127/SUB12701/100000733660/","http://https//www.hiramatsurestaurant.jp/hiramatsu-hakata/",,,
"ビストロカトリ",,"東京都","https://retty.me/area/PRE13/ARE9/SUB902/100000013513/","http://www.bistro-katori.jp/",,,
"2H",,"大阪府","https://retty.me/area/PRE27/ARE94/SUB9401/100000056785/","http://www.french-2h.jp/index.html",,,
"リアンス バーラウンジ",,"東京都","https://retty.me/area/PRE13/ARE6/SUB604/100000824199/","http://www.lalliance.jp/restaurant/bar/",,,
"ル・タン・ペルデュ",,"愛知県","https://retty.me/area/PRE23/ARE63/SUB6305/100000756523/",,,,
"レストラン トエダ",,"長野県","https://retty.me/area/PRE20/ARE227/SUB22702/100000752225/",,"https://www.facebook.com/restauranttoeda",,
"・メゾンブランシュ",,"大阪府","https://retty.me/area/PRE27/ARE85/SUB8403/100000191199/",,,,
"・ベイエ",,"東京都","https://retty.me/area/PRE13/ARE7/SUB701/100000113840/",,,,
"ル ペガ",,"福岡県","https://retty.me/area/PRE40/ARE127/SUB12702/100000708463/","http://ggyao.usen.com/0005021331/",,,
"ユカワタン ホテルブレストンコート",,"長野県","https://retty.me/area/PRE20/ARE227/SUB22702/100000784366/","http://yukawatan.blestoncourt.com/",,,
"ル ポン ド シェル",,"大阪府","https://retty.me/area/PRE27/ARE92/SUB9203/100000066013/","http://www.pont-de-ciel.co.jp/",,,
"LE UN アカガネリゾート京都東山1925",,"京都府","https://retty.me/area/PRE26/ARE112/SUB11203/100000850007/","http://www.arkh.jp/restaurant/",,,
"オー・プロヴァンソー",,"東京都","https://retty.me/area/PRE13/ARE18/SUB1802/100000032217/","http://www.aux-provencaux.co.jp/index.html",,,
"グランシャ",,"大阪府","https://retty.me/area/PRE27/ARE89/SUB8902/100000715177/",,,,
"マクシヴァ",,"東京都","https://retty.me/area/PRE13/ARE14/SUB1401/100000047424/","http://www.maxivin.com/",,,
"ル ベナト",,"兵庫県","https://retty.me/area/PRE28/ARE103/SUB10301/100000722267/","http://benaton.net/","https://www.facebook.com/benaton.japon/",,
"tawara",,"石川県","https://retty.me/area/PRE17/ARE155/SUB15501/100000813415/","http://tawara-kanazawa.jp/","https://www.facebook.com/tawara-333367810103809/",,
"レスプリ ミタニ ア ゲタリ",,"東京都","https://retty.me/area/PRE13/ARE6/SUB603/100001179800/","http://www.lesprit-mitani.com/laccueil.html",,,
"・ターシュ・ド・ルージュ",,"神奈川県","https://retty.me/area/PRE14/ARE31/SUB3102/100000041321/","http://www.cinq-aroma.com/la_tache_de_rouge/index.html",,,
"ル・ミュゼ",,"北海道","https://retty.me/area/PRE01/ARE164/SUB16401/100000774802/",,,,
"アリスダイニング クイーンアリ",,"愛知県","https://retty.me/area/PRE23/ARE74/SUB60601/100000709577/","http://www.centrair.jp/enjoy/shop/alice_dining/queen_alice.html",,,
"レストラン マサヒロ・ニシム",,"長野県","https://retty.me/area/PRE20/ARE273/SUB55902/100000761292/",,,,
"・フロレゾン・ドゥ・タケウチ",,"愛知県","https://retty.me/area/PRE23/ARE63/SUB6305/100000798094/","http://lafloraison-t.jp/",,,
"テオドー",,"東京都","https://retty.me/area/PRE13/ARE13/SUB704/100000032356/",,,,
"カイレストラン ロンド",,"北海道","https://retty.me/area/PRE01/ARE164/SUB43803/100000077851/",,,,
"レシピ",,"兵庫県","https://retty.me/area/PRE28/ARE98/SUB9904/100000198886/","http://www.recette.jp/recipe/",,,
"麻布れとろ",,"東京都","https://retty.me/area/PRE13/ARE14/SUB1405/100000057308/","http://ns1.web-kumo.com/",,,
"横浜ロイヤルパークホテル",,"神奈川県","https://retty.me/area/PRE14/ARE39/SUB3901/100000454011/",,,,
"コネクショ",,"大阪府","https://retty.me/area/PRE27/ARE92/SUB9201/100000494950/",,,,
"ヴェルデュ都",,"広島県","https://retty.me/area/PRE34/ARE285/SUB28501/100001153616/",,,,
"Naomi OGAKI",,"栃木県","https://retty.me/area/PRE09/ARE59/SUB5901/100000883378/","http://www.naomi-ogaki.com/",,,
"アンサンセ",,"神奈川県","https://retty.me/area/PRE14/ARE38/SUB3801/100000005926/","http://www.linsense.com/",,,
"ビラント 四の橋店",,"東京都","https://retty.me/area/PRE13/ARE14/SUB1404/100000016548/","http://www.labyrinthe.co.jp/shinohashi/",,,
"匠 奥村",,"京都府","https://retty.me/area/PRE26/ARE112/SUB11201/100000021499/","http://www.restaurant-okumura.com/takumi/",,,
"ル ヴェール フレ",,"大阪府","https://retty.me/area/PRE27/ARE84/SUB8401/100000454002/","http://www.levertfrais.com/","https://www.facebook.com/LeVertFrais/",,
"ノードール",,"東京都","https://retty.me/area/PRE13/ARE6/SUB603/100000708583/","http://www.lanneaudor-tokyo.com/",,,
"ホテル ラ・スイート神戸ハーバーランド",,"兵庫県","https://retty.me/area/PRE28/ARE102/SUB9901/100000702608/","http://www.l-s.jp/",,,
"青いけ",,"京都府","https://retty.me/area/PRE26/ARE657/SUB10904/100000872491/","http://aoike-kyoto.com/","https://www.facebook.com/Restaurantaoike",,
"ホテルピエナ神戸",,"兵庫県","https://retty.me/area/PRE28/ARE98/SUB9801/100001048390/","http://www.piena.co.jp/",,,
"オテル・ド・ヨシノ",,"和歌山県","https://retty.me/area/PRE30/ARE121/SUB12101/100000756654/","http://www.hoteldeyoshino.com/","https://www.facebook.com/%E3%82%AA%E3%83%86%E3%83%AB%E3%83%89%E3%83%A8%E3%82%B7%E3%83%8E-149228781774614/",,
"ビストロ・キンタ",,"東京都","https://retty.me/area/PRE13/ARE20/SUB2005/100000111332/","https://www.instagram.com/bistro.kinta/?hl=ja",,,
"コンテンポラリー・ダイニング CROWN ホテルナゴヤキャッスル",,"愛知県","https://retty.me/area/PRE23/ARE69/SUB6901/100000062403/","http://www.castle.co.jp/index_wnc.html",,,
"ロルキデ ブランシュ オテルグレージュ",,"福岡県","https://retty.me/area/PRE40/ARE137/SUB13701/100001187190/","http://www.greges.jp/","https://www.facebook.com/hotelgreges2009/",,
"ル ピニョ",,"愛知県","https://retty.me/area/PRE23/ARE64/SUB6403/100000049016/","http://www013.upp.so-net.ne.jp/pignon/",,,
"elan vital",,"東京都","https://retty.me/area/PRE13/ARE1/SUB102/100001310580/",,,,
"CELLIER",,"東京都","https://retty.me/area/PRE13/ARE7/SUB701/100001262706/","https://tabelog.com/tokyo/A1303/A130302/13192209/",,,
"NATURE ON",,"東京都","https://retty.me/area/PRE13/ARE7/SUB701/100001193859/",,,,
"レストラン シェ マサ",,"長野県","https://retty.me/area/PRE20/ARE82/SUB8201/100000513893/","https://www.chezmasa.com/","https://www.facebook.com/Chez.Masa2008/",,
"ガーデンレストラン徳川園",,"愛知県","https://retty.me/area/PRE23/ARE64/SUB6403/100000065123/",,,,
"ザ テラス 日本平ホテル",,"静岡県","https://retty.me/area/PRE22/ARE78/SUB32906/100000919094/","http://www.ndhl.jp/restaurant/terrace",,,
"青山 ブション アミュゼ",,"東京都","https://retty.me/area/PRE13/ARE23/SUB2303/100001311983/","http://www.amuser-aoyama.com/","https://www.facebook.com/Aoyama-bouchon-amuser-%E9%9D%92%E5%B1%B1-%E3%83%96%E3%82%B7%E3%83%A7%E3%83%B3-%E3%82%A2%E3%83%9F%E3%83%A5%E3%82%BC-238264623240823/",,
"Cot",,"東京都","https://retty.me/area/PRE13/ARE14/SUB1402/100000700025/","http://www.my-partners.com/cot/index.html",,,
"エゴジーヌ",,"東京都","https://retty.me/area/PRE13/ARE14/SUB1402/100001162647/","http://egosine.com/","https://www.facebook.com/egosine",,
